ID	Description	setSize	enrichmentScore	NES	pvalue	p.adjust	qvalues	rank	leading_edge	core_enrichment
REACTOME_EUKARYOTIC_TRANSLATION_ELONGATION	REACTOME_EUKARYOTIC_TRANSLATION_ELONGATION	90	0.6824462611607804	3.2010239448951148	1e-10	3.6875e-9	2.877192982456141e-9	1956	tags=86%, list=23%, signal=67%	RPS2/EEF2/EEF1G/RPL13A/RPL13/RPSA/RPS5/EEF1A2/RPL6/RPL10/RPL10A/RPLP2/RPS3/RPS15A/RPS16/RPS7/RPL23/RPL32/RPL35A/RPL18/RPS27/RPL4/RPL19/RPS18/RPS11/RPS21/RPL36A/RPS8/RPS3A/RPS6/RPL30/RPS20/RPS17/RPL22/RPS13/RPS23/RPL27/RPL5/RPL8/RPS19/RPS9/RPL39/RPS10/EEF1B2/UBA52/RPL28/RPL36/RPL29/RPS14/RPL11/RPL14/RPLP1/RPL7A/RPL27A/RPL18A/RPL12/RPS28/RPS4X/RPLP0/RPL24/RPL21/RPS12/RPL17/EEF1A1/RPS24/RPS15/RPL9/RPL3/RPL7/RPL37/RPL41/RPL26/FAU/RPS27A/RPS29/RPL23A/RPL34
REACTOME_DNA_METHYLATION	REACTOME_DNA_METHYLATION	56	0.7243719231232052	3.1234330453406547	1e-10	3.6875e-9	2.877192982456141e-9	1766	tags=88%, list=21%, signal=70%	H3C7/H4C11/H2AC8/H2BC4/H4C3/UHRF1/H3C15/H2AX/H4C12/H3-3A/H2BC7/H2BC8/H3C4/H3C11/H2BC5/H3C10/H2AC7/H4C5/H2AZ1/H3C6/H2BC15/H2AC20/H3C8/H2BC17/H2AC14/H2BC10/H2BC11/H2BC12/H4C1/H4C4/H2BC13/H4C15/H3C14/H2BC14/H2BC6/H4C2/H2BC9/H2AC6/H3C13/H4C14/H4C9/H3C12/H2BC3/H4C8/H2AC4/H3C1/DNMT3A/H4C13/DNMT1
REACTOME_AMYLOID_FIBER_FORMATION	REACTOME_AMYLOID_FIBER_FORMATION	79	0.6646110476947691	3.0234953936741706	1e-10	3.6875e-9	2.877192982456141e-9	1571	tags=72%, list=18%, signal=59%	SORL1/APOE/ITM2B/CST3/HSPG2/H3C7/CALB1/B2M/H4C11/H2AC8/H2BC4/SNCA/H4C3/H3C15/TSPAN33/H2AX/H4C12/H3-3A/H2BC7/H2BC8/H3C4/H3C11/H2BC5/H3C10/H2AC7/UBC/H4C5/UBA52/H2AZ1/H3C6/H2BC15/H2AC20/H3C8/H2BC17/H2AC14/H2BC10/H2BC11/H2BC12/H4C1/H4C4/H2BC13/H4C15/H3C14/H2BC14/H2BC6/H4C2/H2BC9/H2AC6/H3C13/H4C14/H4C9/H3C12/H2BC3/PRL/H4C8/H2AC4/H3C1
REACTOME_RESPONSE_OF_EIF2AK4_GCN2_TO_AMINO_ACID_DEFICIENCY	REACTOME_RESPONSE_OF_EIF2AK4_GCN2_TO_AMINO_ACID_DEFICIENCY	91	0.6412035011457371	3.0225607602136626	1e-10	3.6875e-9	2.877192982456141e-9	1956	tags=80%, list=23%, signal=63%	RPS2/RPL13A/RPL13/RPSA/RPS5/RPL6/RPL10/RPL10A/RPLP2/RPS3/RPS15A/RPS16/RPS7/RPL23/RPL32/RPL35A/RPL18/RPS27/RPL4/RPL19/RPS18/RPS11/RPS21/RPL36A/RPS8/RPS3A/RPS6/RPL30/RPS20/RPS17/RPL22/RPS13/RPS23/RPL27/RPL5/RPL8/RPS19/RPS9/RPL39/RPS10/UBA52/RPL28/RPL36/RPL29/RPS14/RPL11/RPL14/RPLP1/RPL7A/RPL27A/RPL18A/RPL12/RPS28/RPS4X/RPLP0/RPL24/RPL21/RPS12/RPL17/RPS24/EIF2S3/RPS15/RPL9/RPL3/RPL7/RPL37/RPL41/RPL26/FAU/RPS27A/RPS29/RPL23A/RPL34
REACTOME_RMTS_METHYLATE_HISTONE_ARGININES	REACTOME_RMTS_METHYLATE_HISTONE_ARGININES	61	0.6894812860592581	3.0142878122422627	1e-10	3.6875e-9	2.877192982456141e-9	1834	tags=79%, list=21%, signal=62%	RPS2/H3C7/H4C11/H2AC8/SMARCE1/H2AC17/H4C3/H2AC11/SMARCA4/H3C15/SMARCA2/H2AX/H4C12/H3C4/H3C11/H3C10/H2AC7/H4C5/H2AZ1/H3C6/H2AC20/H3C8/H2AC12/H2AC14/ARID1A/H4C1/H4C4/SMARCC1/H4C15/H3C14/ACTL6A/PRMT1/H4C2/H2AC13/PBRM1/H2AC6/H3C13/H4C14/H4C9/H3C12/H4C8/CDK4/H2AC4/H2AC16/H3C1/DNMT3A/H4C13/H2AC21
REACTOME_ACTIVATED_PKN1_STIMULATES_TRANSCRIPTION_OF_AR_ANDROGEN_RECEPTOR_REGULATED_GENES_KLK2_AND_KLK3	REACTOME_ACTIVATED_PKN1_STIMULATES_TRANSCRIPTION_OF_AR_ANDROGEN_RECEPTOR_REGULATED_GENES_KLK2_AND_KLK3	56	0.6989747680568803	3.013922570321446	1e-10	3.6875e-9	2.877192982456141e-9	1571	tags=82%, list=18%, signal=68%	H3C7/H4C11/H2AC8/H2BC4/H4C3/H3C15/H2AX/KDM1A/H4C12/H3-3A/H2BC7/H2BC8/H3C4/H3C11/H2BC5/H3C10/H2AC7/H4C5/H2AZ1/H3C6/H2BC15/H2AC20/H3C8/H2BC17/H2AC14/H2BC10/H2BC11/H2BC12/H4C1/H4C4/H2BC13/H4C15/H3C14/H2BC14/H2BC6/H4C2/H2BC9/H2AC6/H3C13/H4C14/H4C9/H3C12/H2BC3/H4C8/H2AC4/H3C1
REACTOME_CONDENSATION_OF_PROPHASE_CHROMOSOMES	REACTOME_CONDENSATION_OF_PROPHASE_CHROMOSOMES	64	0.6843269293812244	3.009145866028485	1e-10	3.6875e-9	2.877192982456141e-9	1743	tags=80%, list=20%, signal=64%	H3C7/H4C11/H2AC8/H2BC4/H4C3/H3C15/H2AX/H4C12/H3-3A/H2BC7/H2BC8/H3C4/H3C11/H2BC5/SMC4/H3C10/H2AC7/H4C5/CDK1/H2AZ1/H3C6/H2BC15/H2AC20/H3C8/CCNB1/H2BC17/H2AC14/H2BC10/H2BC11/H2BC12/H4C1/H4C4/H2BC13/H4C15/H3C14/PLK1/H2BC14/H2BC6/H4C2/H2BC9/H2AC6/H3C13/H4C14/H4C9/H3C12/H2BC3/H4C8/H2AC4/H3C1/NCAPD3/H4C13
REACTOME_PRC2_METHYLATES_HISTONES_AND_DNA	REACTOME_PRC2_METHYLATES_HISTONES_AND_DNA	61	0.6851790959456733	2.995479413105795	1e-10	3.6875e-9	2.877192982456141e-9	1766	tags=82%, list=21%, signal=66%	H3C7/RBBP4/H4C11/H2AC8/H2BC4/H4C3/H3C15/H2AX/H4C12/H3-3A/H2BC7/H2BC8/H3C4/H3C11/H2BC5/H3C10/H2AC7/H4C5/H2AZ1/H3C6/H2BC15/H2AC20/H3C8/H2BC17/H2AC14/H2BC10/H2BC11/H2BC12/H4C1/H4C4/H2BC13/H4C15/EZH2/H3C14/H2BC14/H2BC6/H4C2/H2BC9/H2AC6/H3C13/H4C14/H4C9/H3C12/H2BC3/H4C8/H2AC4/H3C1/DNMT3A/H4C13/DNMT1
REACTOME_SELENOAMINO_ACID_METABOLISM	REACTOME_SELENOAMINO_ACID_METABOLISM	101	0.6284853118860309	2.9884446916243776	1e-10	3.6875e-9	2.877192982456141e-9	1956	tags=76%, list=23%, signal=60%	RPS2/RPL13A/RPL13/RPSA/RPS5/RPL6/RPL10/RPL10A/RPLP2/RPS3/RPS15A/RPS16/RPS7/RPL23/RPL32/RPL35A/RPL18/RPS27/RPL4/RPL19/HNMT/RPS18/RPS11/RPS21/RPL36A/CBS/RPS8/RPS3A/RPS6/RPL30/RPS20/RPS17/RPL22/RPS13/RPS23/RPL27/RPL5/RPL8/RPS19/RPS9/RPL39/RPS10/UBA52/RPL28/RPL36/RPL29/RPS14/RPL11/RPL14/RPLP1/AHCY/RPL7A/RPL27A/RPL18A/QARS1/RPL12/RPS28/RPS4X/RPLP0/RPL24/RPL21/RPS12/RPL17/RPS24/RPS15/RPL9/RPL3/RPL7/RPL37/RPL41/RPL26/FAU/RPS27A/RPS29/PAPSS1/RPL23A/RPL34
REACTOME_EUKARYOTIC_TRANSLATION_INITIATION	REACTOME_EUKARYOTIC_TRANSLATION_INITIATION	107	0.6170582243338725	2.9692817546669845	1e-10	3.6875e-9	2.877192982456141e-9	2288	tags=80%, list=27%, signal=60%	RPS2/RPL13A/RPL13/RPSA/RPS5/RPL6/RPL10/RPL10A/RPLP2/RPS3/RPS15A/RPS16/RPS7/RPL23/RPL32/RPL35A/RPL18/RPS27/RPL4/RPL19/RPS18/PABPC1/RPS11/RPS21/RPL36A/RPS8/RPS3A/RPS6/RPL30/RPS20/RPS17/RPL22/RPS13/RPS23/RPL27/RPL5/RPL8/RPS19/RPS9/RPL39/RPS10/UBA52/RPL28/RPL36/RPL29/RPS14/RPL11/RPL14/EIF3C/EIF3L/RPLP1/RPL7A/RPL27A/RPL18A/RPL12/EIF4A1/RPS28/RPS4X/RPLP0/RPL24/RPL21/RPS12/RPL17/EIF4B/RPS24/EIF3E/EIF2S3/RPS15/RPL9/RPL3/RPL7/RPL37/RPL41/RPL26/FAU/RPS27A/RPS29/RPL23A/RPL34/RPL35/EIF3F/EIF4G1/RPS25/EIF3H/EIF2S1/RPL37A
REACTOME_ERCC6_CSB_AND_EHMT2_G9A_POSITIVELY_REGULATE_RRNA_EXPRESSION	REACTOME_ERCC6_CSB_AND_EHMT2_G9A_POSITIVELY_REGULATE_RRNA_EXPRESSION	65	0.673346463815162	2.966772759064883	1e-10	3.6875e-9	2.877192982456141e-9	1771	tags=78%, list=21%, signal=63%	H3C7/RBBP4/H4C11/H2AC8/H2BC4/H4C3/H3C15/H2AX/H4C12/H3-3A/H2BC7/CHD4/H2BC8/H3C4/H3C11/H2BC5/H3C10/H2AC7/H4C5/H2AZ1/H3C6/H2BC15/H2AC20/HDAC2/H3C8/H2BC17/H2AC14/H2BC10/H2BC11/H2BC12/H4C1/H4C4/H2BC13/H4C15/H3C14/H2BC14/H2BC6/H4C2/H2BC9/H2AC6/H3C13/H4C14/H4C9/H3C12/H2BC3/H4C8/H2AC4/H3C1/CBX3/H4C13/MTA2
REACTOME_SENESCENCE_ASSOCIATED_SECRETORY_PHENOTYPE_SASP	REACTOME_SENESCENCE_ASSOCIATED_SECRETORY_PHENOTYPE_SASP	81	0.6436359475739437	2.9475517042139554	1e-10	3.6875e-9	2.877192982456141e-9	1947	tags=74%, list=23%, signal=58%	H3C7/H4C11/RPS6KA2/H2AC8/H2BC4/H4C3/UBE2C/H3C15/CDK6/MAPK1/H2AX/H4C12/H3-3A/H2BC7/H2BC8/H3C4/H3C11/RPS6KA1/H2BC5/H3C10/H2AC7/UBC/H4C5/UBA52/CDKN2C/H2AZ1/H3C6/H2BC15/H2AC20/H3C8/H2BC17/H2AC14/H2BC10/H2BC11/H2BC12/H4C1/H4C4/H2BC13/H4C15/H3C14/UBE2S/H2BC14/H2BC6/H4C2/H2BC9/H2AC6/H3C13/H4C14/H4C9/H3C12/H2BC3/H4C8/CDK4/H2AC4/H3C1/CCNA2/H4C13/CDK2/RPS27A/H4C6
REACTOME_ASSEMBLY_OF_THE_ORC_COMPLEX_AT_THE_ORIGIN_OF_REPLICATION	REACTOME_ASSEMBLY_OF_THE_ORC_COMPLEX_AT_THE_ORIGIN_OF_REPLICATION	56	0.6831432290955879	2.9456582569600234	1e-10	3.6875e-9	2.877192982456141e-9	1571	tags=80%, list=18%, signal=66%	H3C7/H4C11/H2AC8/H2BC4/H4C3/H3C15/H2AX/H4C12/H3-3A/H2BC7/H2BC8/H3C4/H3C11/H2BC5/H3C10/H2AC7/H4C5/H2AZ1/H3C6/H2BC15/H2AC20/H3C8/H2BC17/H2AC14/H2BC10/H2BC11/H2BC12/H4C1/H4C4/H2BC13/H4C15/H3C14/H2BC14/H2BC6/H4C2/H2BC9/H2AC6/H3C13/H4C14/H4C9/H3C12/H2BC3/H4C8/H2AC4/H3C1
REACTOME_SRP_DEPENDENT_COTRANSLATIONAL_PROTEIN_TARGETING_TO_MEMBRANE	REACTOME_SRP_DEPENDENT_COTRANSLATIONAL_PROTEIN_TARGETING_TO_MEMBRANE	104	0.6042477366187888	2.8974141783945444	1e-10	3.6875e-9	2.877192982456141e-9	1956	tags=73%, list=23%, signal=57%	RPS2/RPL13A/RPL13/RPSA/RPS5/RPL6/RPL10/RPL10A/RPLP2/RPS3/RPS15A/RPS16/RPS7/RPL23/RPL32/RPL35A/RPL18/RPS27/RPL4/RPL19/RPS18/RPS11/RPS21/RPL36A/RPS8/RPS3A/RPS6/RPL30/RPS20/RPS17/RPL22/RPS13/RPS23/RPL27/RPL5/RPL8/RPS19/RPS9/RPL39/RPS10/UBA52/SEC61A1/RPL28/RPL36/RPL29/RPS14/RPL11/RPL14/RPLP1/RPL7A/RPL27A/RPL18A/RPL12/RPS28/RPS4X/SSR2/RPLP0/RPL24/RPL21/RPS12/RPL17/RPS24/RPS15/RPL9/RPL3/RPL7/RPL37/DDOST/RPL41/RPL26/SEC11C/FAU/RPS27A/RPS29/RPL23A/RPL34
REACTOME_SIRT1_NEGATIVELY_REGULATES_RRNA_EXPRESSION	REACTOME_SIRT1_NEGATIVELY_REGULATES_RRNA_EXPRESSION	56	0.6705210401895871	2.891232401021886	1e-10	3.6875e-9	2.877192982456141e-9	1571	tags=80%, list=18%, signal=66%	H3C7/H4C11/H2AC8/H2BC4/H4C3/H3C15/H2AX/H4C12/H3-3A/H2BC7/H2BC8/H3C4/H3C11/H2BC5/H3C10/H2AC7/H4C5/H2AZ1/H3C6/H2BC15/H2AC20/H3C8/H2BC17/H2AC14/H2BC10/H2BC11/H2BC12/H4C1/H4C4/H2BC13/H4C15/H3C14/H2BC14/H2BC6/H4C2/H2BC9/H2AC6/H3C13/H4C14/H4C9/H3C12/H2BC3/H4C8/H2AC4/H3C1
REACTOME_DISEASES_OF_PROGRAMMED_CELL_DEATH	REACTOME_DISEASES_OF_PROGRAMMED_CELL_DEATH	79	0.620856026761434	2.824441970320888	1e-10	3.6875e-9	2.877192982456141e-9	1766	tags=70%, list=21%, signal=56%	H3C7/RBBP4/H4C11/H2AC8/H2BC4/H4C3/H3C15/LMNB1/H2AX/H4C12/H3-3A/H2BC7/H2BC8/H3C4/H3C11/H2BC5/H3C10/H2AC7/H4C5/H2AZ1/H3C6/H2BC15/H2AC20/H3C8/H2BC17/H2AC14/H2BC10/H2BC11/H2BC12/H4C1/H4C4/H2BC13/H4C15/EZH2/H3C14/H2BC14/H2BC6/H4C2/H2BC9/CDK5R1/PRDX1/H2AC6/H3C13/H4C14/SOD2/H4C9/H3C12/H2BC3/H4C8/H2AC4/H3C1/DNMT3A/TP53/H4C13/DNMT1
REACTOME_FORMATION_OF_THE_BETA_CATENIN_TCF_TRANSACTIVATING_COMPLEX	REACTOME_FORMATION_OF_THE_BETA_CATENIN_TCF_TRANSACTIVATING_COMPLEX	72	0.6296052675200209	2.813960650325746	1e-10	3.6875e-9	2.877192982456141e-9	1949	tags=74%, list=23%, signal=57%	H3C7/H4C11/H2AC8/H2BC4/H4C3/SMARCA4/H3C15/H2AX/H4C12/H3-3A/H2BC7/H2BC8/H3C4/H3C11/H2BC5/H3C10/H2AC7/TLE4/H4C5/H2AZ1/H3C6/H2BC15/H2AC20/H3C8/H2BC17/H2AC14/H2BC10/H2BC11/H2BC12/H4C1/H4C4/H2BC13/H4C15/H3C14/H2BC14/H2BC6/H4C2/H2BC9/H2AC6/H3C13/H4C14/H4C9/H3C12/AXIN2/H2BC3/H4C8/H2AC4/H3C1/LEF1/H4C13/TLE3/H4C6/TRRAP
REACTOME_NONSENSE_MEDIATED_DECAY_NMD	REACTOME_NONSENSE_MEDIATED_DECAY_NMD	102	0.5877468333982919	2.797957096494297	1e-10	3.6875e-9	2.877192982456141e-9	1956	tags=72%, list=23%, signal=56%	RPS2/RPL13A/RPL13/RPSA/RPS5/RPL6/RPL10/RPL10A/RPLP2/RPS3/RPS15A/RPS16/RPS7/RPL23/RPL32/RPL35A/RPL18/RPS27/RPL4/RPL19/RPS18/PABPC1/RPS11/RPS21/RPL36A/RPS8/RPS3A/RPS6/RPL30/RPS20/RPS17/RPL22/RPS13/RPS23/RPL27/RPL5/RPL8/RPS19/RPS9/RPL39/RPS10/UBA52/RPL28/RPL36/RPL29/RPS14/RPL11/RPL14/RPLP1/RPL7A/RPL27A/RPL18A/RPL12/RPS28/RPS4X/RPLP0/RPL24/RPL21/RPS12/RPL17/RPS24/RPS15/RPL9/RPL3/RPL7/RPL37/RPL41/RPL26/FAU/RPS27A/RPS29/RPL23A/RPL34
REACTOME_TRANSCRIPTIONAL_REGULATION_OF_GRANULOPOIESIS	REACTOME_TRANSCRIPTIONAL_REGULATION_OF_GRANULOPOIESIS	72	0.6211310919126243	2.7760861312686034	1e-10	3.6875e-9	2.877192982456141e-9	1791	tags=74%, list=21%, signal=59%	H3C7/H4C11/H2AC8/H2BC4/H4C3/H3C15/CEBPA/H2AX/H4C12/TFDP2/H3-3A/H2BC7/H2BC8/H3C4/H3C11/H2BC5/H3C10/H2AC7/H4C5/H2AZ1/H3C6/H2BC15/H2AC20/H3C8/H2BC17/H2AC14/E2F1/H2BC10/H2BC11/H2BC12/H4C1/H4C4/H2BC13/H4C15/H3C14/H2BC14/H2BC6/H4C2/H2BC9/H2AC6/H3C13/H4C14/H4C9/H3C12/H2BC3/H4C8/DEK/CDK4/H2AC4/H3C1/LEF1/H4C13/CDK2
REACTOME_OXIDATIVE_STRESS_INDUCED_SENESCENCE	REACTOME_OXIDATIVE_STRESS_INDUCED_SENESCENCE	95	0.5752671460698475	2.709009888814323	1e-10	3.6875e-9	2.877192982456141e-9	1743	tags=66%, list=20%, signal=53%	H3C7/MINK1/RBBP4/MAP3K5/H4C11/H2AC8/H2BC4/H4C3/H3C15/CDK6/MAPK1/CBX6/H2AX/H4C12/TFDP2/H3-3A/H2BC7/PHC2/H2BC8/H3C4/H3C11/MAPK9/H2BC5/H3C10/H2AC7/UBC/H4C5/UBA52/CDKN2C/H2AZ1/H3C6/H2BC15/H2AC20/H3C8/H2BC17/H2AC14/E2F1/H2BC10/H2BC11/H2BC12/H4C1/H4C4/H2BC13/H4C15/EZH2/H3C14/H2BC14/H2BC6/H4C2/H2BC9/H2AC6/H3C13/H4C14/H4C9/H3C12/H2BC3/H4C8/CDK4/H2AC4/H3C1/CBX2/TP53/H4C13
REACTOME_HDACS_DEACETYLATE_HISTONES	REACTOME_HDACS_DEACETYLATE_HISTONES	77	0.5940506037338557	2.692257930457602	1e-10	3.6875e-9	2.877192982456141e-9	1571	tags=68%, list=18%, signal=56%	H3C7/RBBP4/H4C11/H2AC8/H2BC4/H2AC17/H4C3/H2AC11/H3C15/KDM1A/H4C12/H2BC7/CHD4/H2BC8/H3C4/H3C11/H2BC5/H2BC18/H3C10/H2AC7/H4C5/H3C6/H2BC15/H2AC20/HDAC2/H3C8/H2AC12/H2BC17/H2AC14/H2BC10/H2BC11/H2BC12/H4C1/H4C4/H2BC13/H4C15/H3C14/H2BC14/H2BC6/H4C2/H2BC9/H2AC13/H2AC6/H3C13/H4C14/H4C9/H3C12/H2BC3/H4C8/H2AC4/H2AC16/H3C1
REACTOME_HCMV_EARLY_EVENTS	REACTOME_HCMV_EARLY_EVENTS	104	0.5508997433563332	2.6416064646040462	1e-10	3.6875e-9	2.877192982456141e-9	1571	tags=59%, list=18%, signal=48%	TUBB4A/TUBA4A/H3C7/TRIM28/RBBP4/H4C11/H2AC8/H2BC4/H2AC17/H4C3/H2AC11/TUBA8/H3C15/TUBB3/H4C12/CBX1/H2BC7/H2BC8/H3C4/H3C11/H2BC5/H2BC18/H3C10/H2AC7/TUBA1B/H4C5/NUP62/H3C6/H2BC15/H2AC20/H3C8/H2AC12/H2BC17/H2AC14/TUBB4B/H2BC10/H2BC11/H2BC12/H4C1/H4C4/H2BC13/H4C15/EZH2/H3C14/TUBA1A/H2BC14/H2BC6/ITGB1/H4C2/H2BC9/H2AC13/H2AC6/H3C13/H4C14/H4C9/H3C12/H2BC3/H4C8/H2AC4/H2AC16/H3C1
REACTOME_CELLULAR_RESPONSE_TO_STARVATION	REACTOME_CELLULAR_RESPONSE_TO_STARVATION	116	0.5256501297904778	2.5473859868481186	1e-10	3.6875e-9	2.877192982456141e-9	1956	tags=66%, list=23%, signal=51%	ATP6V1G2/RPS2/RPL13A/RPL13/RPSA/RPS5/RPL6/RPL10/RPL10A/RPLP2/RPS3/RPS15A/RPS16/RPS7/RPL23/RPL32/RPL35A/RPL18/RPS27/RPL4/RPL19/RPS18/RRAGD/RPS11/RPS21/RPL36A/RPS8/RPS3A/RPS6/RPL30/RPS20/RPS17/ATP6V1C1/RPL22/RPS13/RPS23/RPL27/RPL5/RPL8/RPS19/RPS9/RPL39/RPS10/UBA52/RPL28/RPL36/RPL29/RPS14/RPL11/RPL14/RPLP1/RPL7A/RPL27A/RPL18A/RPL12/RPS28/RPS4X/RPLP0/RPL24/RPL21/RPS12/RPL17/RPS24/EIF2S3/RPS15/RPL9/RPL3/RPL7/RPL37/RPL41/RPL26/FAU/RPS27A/RPS29/RPL23A/RPL34
REACTOME_CELLULAR_SENESCENCE	REACTOME_CELLULAR_SENESCENCE	135	0.5033849694719852	2.5408347689099924	1e-10	3.6875e-9	2.877192982456141e-9	1791	tags=56%, list=21%, signal=45%	H3C7/MINK1/RBBP4/MAP3K5/H4C11/RPS6KA2/H2AC8/H1-2/H2BC4/H4C3/UBE2C/H3C15/CDK6/MAPK1/LMNB1/CBX6/H1-5/H2AX/H1-4/H4C12/TFDP2/H3-3A/H2BC7/PHC2/H2BC8/H3C4/H3C11/RPS6KA1/MAPK9/H2BC5/H3C10/H2AC7/UBC/H4C5/UBA52/CDKN2C/H2AZ1/H3C6/H2BC15/H2AC20/H3C8/H2BC17/H2AC14/E2F1/H2BC10/H2BC11/H2BC12/H4C1/H4C4/H2BC13/H4C15/EZH2/H3C14/UBE2S/H2BC14/H2BC6/H4C2/H2BC9/H1-3/H2AC6/H3C13/H4C14/HMGA1/H4C9/H3C12/H2BC3/H4C8/CDK4/H2AC4/H3C1/CBX2/CCNA2/TP53/H4C13/CDK2
REACTOME_RUNX1_REGULATES_GENES_INVOLVED_IN_MEGAKARYOCYTE_DIFFERENTIATION_AND_PLATELET_FUNCTION	REACTOME_RUNX1_REGULATES_GENES_INVOLVED_IN_MEGAKARYOCYTE_DIFFERENTIATION_AND_PLATELET_FUNCTION	75	0.5849235467378726	2.6353394493747144	2.456150452892525e-10	8.694772603239537e-9	6.78414609304209e-9	1571	tags=64%, list=18%, signal=53%	H3C7/H4C11/H2AC8/H2BC4/H4C3/H3C15/KAT2B/H2AX/H4C12/H3-3A/H2BC7/H2BC8/H3C4/H3C11/H2BC5/H3C10/H2AC7/H4C5/H2AZ1/H3C6/H2BC15/H2AC20/H3C8/H2BC17/H2AC14/H2BC10/H2BC11/H2BC12/H4C1/H4C4/H2BC13/H4C15/H3C14/H2BC14/PRMT1/H2BC6/H4C2/H2BC9/THBS1/H2AC6/H3C13/H4C14/H4C9/H3C12/H2BC3/H4C8/H2AC4/H3C1
REACTOME_MEIOTIC_RECOMBINATION	REACTOME_MEIOTIC_RECOMBINATION	69	0.5967432118806785	2.64918309555702	2.7791417159733595e-10	9.109408957912679e-9	7.107668482177481e-9	1571	tags=68%, list=18%, signal=56%	H3C7/H4C11/H2AC8/H2BC4/H4C3/H3C15/H2AX/H4C12/H3-3A/H2BC7/H2BC8/H3C4/H3C11/H2BC5/H3C10/H2AC7/H4C5/H2AZ1/H3C6/H2BC15/H2AC20/H3C8/H2BC17/H2AC14/H2BC10/H2BC11/H2BC12/H4C1/H4C4/H2BC13/H4C15/H3C14/H2BC14/H2BC6/H4C2/H2BC9/BRCA2/H2AC6/H3C13/H4C14/H4C9/H3C12/H2BC3/H4C8/CDK4/H2AC4/H3C1
REACTOME_INFLUENZA_INFECTION	REACTOME_INFLUENZA_INFECTION	126	0.49870114970060164	2.4771997830812515	2.721217369922676e-10	9.109408957912679e-9	7.107668482177481e-9	2089	tags=65%, list=24%, signal=50%	RPS2/RPL13A/KPNA2/RPL13/RPSA/RPS5/RPL6/RPL10/RPL10A/RPLP2/RPS3/RPS15A/RPS16/RPS7/RPL23/RPL32/RPL35A/RPL18/RPS27/RPL4/RPL19/RPS18/RPS11/RPS21/RPL36A/RPS8/RPS3A/RPS6/RPL30/RPS20/RPS17/RPL22/RPS13/RPS23/CALR/RPL27/RPL5/RPL8/RPS19/RPS9/RPL39/RPS10/NUP62/UBA52/RPL28/RPL36/RPL29/RPS14/RPL11/RPL14/RPLP1/RPL7A/RPL27A/RPL18A/RPL12/IPO5/RPS28/RPS4X/RPLP0/RPL24/RPL21/RPS12/RPL17/RPS24/RPS15/RPL9/RPL3/RPL7/RPL37/RPL41/RPL26/PARP1/FAU/RPS27A/NUP155/RPS29/RPL23A/RPL34/POM121C/KPNB1/NUP205/RPL35
REACTOME_NEUROTRANSMITTER_RECEPTORS_AND_POSTSYNAPTIC_SIGNAL_TRANSMISSION	REACTOME_NEUROTRANSMITTER_RECEPTORS_AND_POSTSYNAPTIC_SIGNAL_TRANSMISSION	130	0.48449925979454467	2.4191678237391523	4.979052973960463e-10	1.5737363864125037e-8	1.2279168236534074e-8	1574	tags=45%, list=18%, signal=38%	KCNJ10/GABRA6/CAMK2B/CAMK2G/CAMKK2/RASGRF1/PRKCA/TSPAN7/TUBB4A/ADCY2/GRIA1/GABBR1/GNG7/KCNJ9/TUBA4A/GRIN1/KCNJ16/CAMK4/GABBR2/CALM1/KPNA2/GRIN2C/GABRB2/MYO6/RPS6KA2/EPB41L1/GNB3/CACNG8/DLG4/LIN7A/TUBA8/GRIA3/PRKCG/TUBB3/KCNJ3/MAPK1/KCNJ12/NPTN/CAMK2A/GRIA4/PRKAR1B/GABRA1/RPS6KA1/ADCY8/DLG2/PRKX/APBA1/TUBA1B/TUBB4B/DLG1/KCNJ2/TUBA1A/GNG4/GNG2/GABRB3/GABRA5/GABRG2/NEFL/GRIK1
REACTOME_NEUROTRANSMITTER_RELEASE_CYCLE	REACTOME_NEUROTRANSMITTER_RELEASE_CYCLE	36	0.7072395678507343	2.7724365276701146	5.506218836547142e-10	1.6803460932221452e-8	1.3110996576315519e-8	1080	tags=58%, list=13%, signal=51%	GLS2/ABAT/SNAP25/RIMS1/SLC1A3/SLC6A1/SYT1/STXBP1/PPFIA4/SLC1A2/SLC17A7/RAB3A/SYN2/GAD2/VAMP2/LIN7A/SLC6A11/SYN1/GLS/SLC1A6/APBA1
REACTOME_ACTIVATION_OF_NMDA_RECEPTORS_AND_POSTSYNAPTIC_EVENTS	REACTOME_ACTIVATION_OF_NMDA_RECEPTORS_AND_POSTSYNAPTIC_EVENTS	61	0.6055336904492093	2.6472840669184716	6.345526949715801e-10	1.8719304501661614e-8	1.4605844487766897e-8	1328	tags=51%, list=15%, signal=43%	CAMK2B/CAMK2G/CAMKK2/RASGRF1/TUBB4A/GRIA1/TUBA4A/GRIN1/CAMK4/CALM1/KPNA2/GRIN2C/RPS6KA2/DLG4/LIN7A/TUBA8/GRIA3/TUBB3/MAPK1/CAMK2A/GRIA4/PRKAR1B/RPS6KA1/ADCY8/DLG2/PRKX/APBA1/TUBA1B/TUBB4B/DLG1/TUBA1A
REACTOME_ION_HOMEOSTASIS	REACTOME_ION_HOMEOSTASIS	31	0.7258779779827506	2.699791020510518	8.244053512488702e-10	2.353544309210484e-8	1.836366419080675e-8	1127	tags=58%, list=13%, signal=51%	AHCYL1/ATP1B1/RYR2/CAMK2B/CAMK2G/FXYD1/ATP1A1/ATP1B2/ATP1A2/ITPR1/ATP2B2/CALM1/NOS1/ASPH/ITPR2/CAMK2A/SLC8A2/RYR1
REACTOME_RHO_GTPASES_ACTIVATE_PKNS	REACTOME_RHO_GTPASES_ACTIVATE_PKNS	76	0.562374564485403	2.5390963899502483	9.376787574403581e-10	2.5932678135459906e-8	2.023412055529194e-8	1969	tags=70%, list=23%, signal=54%	MYH14/H3C7/H4C11/H2AC8/H2BC4/H4C3/H3C15/H2AX/KDM1A/H4C12/H3-3A/H2BC7/H2BC8/H3C4/H3C11/H2BC5/H3C10/H2AC7/H4C5/H2AZ1/H3C6/H2BC15/H2AC20/H3C8/H2BC17/H2AC14/H2BC10/H2BC11/H2BC12/H4C1/H4C4/H2BC13/H4C15/H3C14/H2BC14/H2BC6/H4C2/H2BC9/H2AC6/H3C13/H4C14/H4C9/H3C12/H2BC3/H4C8/H2AC4/H3C1/YWHAH/H4C13/KDM4C/H4C6/MYL6/RHOC
REACTOME_DEPOSITION_OF_NEW_CENPA_CONTAINING_NUCLEOSOMES_AT_THE_CENTROMERE	REACTOME_DEPOSITION_OF_NEW_CENPA_CONTAINING_NUCLEOSOMES_AT_THE_CENTROMERE	61	0.5953851605706966	2.602916524907551	1.5322906561078866e-9	4.1093249413802415e-8	3.2063243075176194e-8	1786	tags=67%, list=21%, signal=54%	RBBP4/H4C11/H2AC8/H2BC4/H4C3/NPM1/H2AX/H4C12/H2BC7/H2BC8/H2BC5/H2AC7/H4C5/H2AZ1/H2BC15/H2AC20/H2BC17/H2AC14/H2BC10/H2BC11/HJURP/H2BC12/H4C1/H4C4/KNL1/H2BC13/H4C15/H2BC14/H2BC6/H4C2/H2BC9/H2AC6/H4C14/H4C9/H2BC3/H4C8/H2AC4/CENPN/CENPA/H4C13/CENPU
REACTOME_POSITIVE_EPIGENETIC_REGULATION_OF_RRNA_EXPRESSION	REACTOME_POSITIVE_EPIGENETIC_REGULATION_OF_RRNA_EXPRESSION	84	0.5347982437458293	2.4771986543669033	3.4516171919180765e-09	8.984356514257346e-8	7.01009559720823e-8	1771	tags=64%, list=21%, signal=52%	H3C7/RBBP4/H4C11/H2AC8/H2BC4/H4C3/H3C15/KAT2B/H2AX/H4C12/H3-3A/H2BC7/CHD4/H2BC8/H3C4/H3C11/H2BC5/H3C10/H2AC7/H4C5/H2AZ1/H3C6/H2BC15/H2AC20/HDAC2/H3C8/H2BC17/H2AC14/H2BC10/H2BC11/H2BC12/H4C1/H4C4/H2BC13/H4C15/H3C14/H2BC14/H2BC6/H4C2/H2BC9/ACTB/H2AC6/H3C13/H4C14/H4C9/H3C12/H2BC3/H4C8/DEK/H2AC4/H3C1/CBX3/H4C13/MTA2
REACTOME_HCMV_INFECTION	REACTOME_HCMV_INFECTION	116	0.4861242171694468	2.355836988337776	4.445244801758543e-9	1.1240118998732315e-7	8.770167187830389e-8	2149	tags=63%, list=25%, signal=48%	TUBB4A/TUBA4A/H3C7/TRIM28/RBBP4/H4C11/H2AC8/H2BC4/H2AC17/H4C3/H2AC11/TUBA8/H3C15/TUBB3/H4C12/CBX1/H2BC7/H2BC8/H3C4/H3C11/H2BC5/H2BC18/H3C10/H2AC7/TUBA1B/H4C5/NUP62/H3C6/H2BC15/H2AC20/HNRNPK/H3C8/H2AC12/H2BC17/H2AC14/TUBB4B/H2BC10/H2BC11/H2BC12/H4C1/H4C4/H2BC13/H4C15/EZH2/H3C14/TUBA1A/H2BC14/H2BC6/ITGB1/H4C2/H2BC9/H2AC13/H2AC6/H3C13/H4C14/H4C9/H3C12/H2BC3/H4C8/H2AC4/H2AC16/H3C1/H4C13/DYNC1I1/H2AC21/NUP155/H4C6/POM121C/VPS37B/NUP205/CHMP4B/NCOR2/NDC1
REACTOME_DAG_AND_IP3_SIGNALING	REACTOME_DAG_AND_IP3_SIGNALING	32	0.7072528817681991	2.663579466717482	5.401682858832501e-9	1.2920241432612874e-7	1.0081092333980429e-7	1056	tags=53%, list=12%, signal=47%	AHCYL1/CAMK2B/CAMK2G/CAMKK2/PRKCA/ADCY2/ITPR1/CAMK4/PRKCE/CALM1/KPNA2/ITPR2/PRKCG/CAMK2A/PRKAR1B/ADCY8/PRKX
REACTOME_RNA_POLYMERASE_I_PROMOTER_ESCAPE	REACTOME_RNA_POLYMERASE_I_PROMOTER_ESCAPE	66	0.5767358181091758	2.535209727056328	5.314921115121376e-9	1.2920241432612874e-7	1.0081092333980429e-7	1743	tags=71%, list=20%, signal=57%	H3C7/H4C11/H2AC8/H2BC4/H4C3/H3C15/H2AX/H4C12/H3-3A/H2BC7/H2BC8/H3C4/H3C11/H2BC5/H3C10/H2AC7/H4C5/H2AZ1/H3C6/H2BC15/H2AC20/H3C8/H2BC17/H2AC14/H2BC10/H2BC11/H2BC12/H4C1/H4C4/H2BC13/H4C15/H3C14/H2BC14/H2BC6/H4C2/H2BC9/H2AC6/H3C13/H4C14/H4C9/H3C12/H2BC3/H4C8/H2AC4/H3C1/CBX3/H4C13
REACTOME_RNA_POLYMERASE_I_TRANSCRIPTION	REACTOME_RNA_POLYMERASE_I_TRANSCRIPTION	81	0.5422703060171228	2.4833444599701537	7.320462256679314e-9	1.704897130831893e-7	1.3302557452580693e-7	1771	tags=64%, list=21%, signal=51%	H3C7/RBBP4/H4C11/H2AC8/H2BC4/H4C3/H3C15/KAT2B/H2AX/H4C12/H3-3A/H2BC7/CHD4/H2BC8/H3C4/H3C11/H2BC5/H3C10/H2AC7/H4C5/H2AZ1/H3C6/H2BC15/H2AC20/HDAC2/H3C8/H2BC17/H2AC14/H2BC10/H2BC11/H2BC12/H4C1/H4C4/H2BC13/H4C15/H3C14/H2BC14/H2BC6/H4C2/H2BC9/H2AC6/H3C13/H4C14/H4C9/H3C12/H2BC3/H4C8/H2AC4/H3C1/CBX3/H4C13/MTA2
REACTOME_DNA_DAMAGE_TELOMERE_STRESS_INDUCED_SENESCENCE	REACTOME_DNA_DAMAGE_TELOMERE_STRESS_INDUCED_SENESCENCE	62	0.5836333090006731	2.5605495221744174	8.719456649132952e-9	1.8869831909001224e-7	1.4723294358970922e-7	1791	tags=69%, list=21%, signal=55%	H4C11/H2AC8/H1-2/H2BC4/H4C3/LMNB1/H1-5/H2AX/H1-4/H4C12/H2BC7/H2BC8/H2BC5/H2AC7/H4C5/H2AZ1/H2BC15/H2AC20/H2BC17/H2AC14/H2BC10/H2BC11/H2BC12/H4C1/H4C4/H2BC13/H4C15/H2BC14/H2BC6/H4C2/H2BC9/H1-3/H2AC6/H4C14/HMGA1/H4C9/H2BC3/H4C8/H2AC4/CCNA2/TP53/H4C13/CDK2
REACTOME_B_WICH_COMPLEX_POSITIVELY_REGULATES_RRNA_EXPRESSION	REACTOME_B_WICH_COMPLEX_POSITIVELY_REGULATES_RRNA_EXPRESSION	72	0.5551216689696791	2.4810633157133783	8.719456649132952e-9	1.8869831909001224e-7	1.4723294358970922e-7	1571	tags=67%, list=18%, signal=55%	H3C7/H4C11/H2AC8/H2BC4/H4C3/H3C15/KAT2B/H2AX/H4C12/H3-3A/H2BC7/H2BC8/H3C4/H3C11/H2BC5/H3C10/H2AC7/H4C5/H2AZ1/H3C6/H2BC15/H2AC20/H3C8/H2BC17/H2AC14/H2BC10/H2BC11/H2BC12/H4C1/H4C4/H2BC13/H4C15/H3C14/H2BC14/H2BC6/H4C2/H2BC9/ACTB/H2AC6/H3C13/H4C14/H4C9/H3C12/H2BC3/H4C8/DEK/H2AC4/H3C1
REACTOME_G_ALPHA_I_SIGNALLING_EVENTS	REACTOME_G_ALPHA_I_SIGNALLING_EVENTS	133	0.4630623049516355	2.32356610111458	8.741956025638985e-9	1.8869831909001224e-7	1.4723294358970922e-7	1074	tags=31%, list=13%, signal=27%	AHCYL1/GRM4/CAMK2B/CAMK2G/APLNR/CAMKK2/PPP1R1B/PRKCA/C3/CX3CR1/ADCY2/GABBR1/GNG7/AGT/ITPR1/P2RY12/CAMK4/GPR37L1/LPAR1/GPR17/GABBR2/CALM1/KPNA2/GPR37/RGS11/GNB3/ITPR2/GRM3/PPP3CA/PRKCG/MAPK1/CAMK2A/PPP2CB/PLCB4/PRKAR1B/CHRM4/ADCY8/ADORA1/P2RY13/PRKX/PDE4A
REACTOME_REGULATION_OF_EXPRESSION_OF_SLITS_AND_ROBOS	REACTOME_REGULATION_OF_EXPRESSION_OF_SLITS_AND_ROBOS	139	0.4531861336670262	2.2920320878132867	9.276945367077653e-9	1.9547849166342197e-7	1.5252321205019903e-7	1956	tags=56%, list=23%, signal=44%	RPS2/RPL13A/RPL13/RPSA/RPS5/RPL6/RPL10/RPL10A/RPLP2/RPS3/RPS15A/RPS16/RPS7/RPL23/RPL32/RPL35A/RPL18/RPS27/RPL4/RPL19/RPS18/PABPC1/RPS11/RPS21/RPL36A/RPS8/MSI1/RPS3A/RPS6/RPL30/RPS20/RPS17/RPL22/RPS13/RPS23/RPL27/RPL5/RPL8/RPS19/RPS9/UBC/RPL39/RPS10/UBA52/RPL28/RPL36/RPL29/RPS14/RPL11/RPL14/RPLP1/RPL7A/RPL27A/RPL18A/RPL12/RPS28/RPS4X/RPLP0/RPL24/RPL21/RPS12/RPL17/RPS24/RPS15/RPL9/RPL3/RPL7/RPL37/LHX2/RPL41/ROBO2/RPL26/FAU/RPS27A/RPS29/LHX4/RPL23A/RPL34
REACTOME_CARDIAC_CONDUCTION	REACTOME_CARDIAC_CONDUCTION	70	0.567685238038404	2.524869581320517	1.2553716660185425e-8	2.583730056805605e-7	2.0159701662378554e-7	1029	tags=44%, list=12%, signal=39%	AHCYL1/ATP1B1/RYR2/CAMK2B/CAMK2G/FXYD1/ATP1A1/ATP1B2/SCN1B/SCN2B/ATP1A2/SCN2A/ITPR1/ATP2B2/KCNK9/CALM1/SCN4B/NOS1/HIPK2/ASPH/KCNK10/ITPR2/CACNG8/KCNK1/KAT2B/KCNJ12/CAMK2A/KCNIP3/SCN1A/CACNG7/SLC8A2
REACTOME_MITOTIC_PROPHASE	REACTOME_MITOTIC_PROPHASE	109	0.4806695378028142	2.311389487306372	4.4778998101183e-8	9.006684845351581e-7	7.027517405353123e-7	1571	tags=52%, list=18%, signal=43%	PRKCA/H3C7/H4C11/H2AC8/H2BC4/H4C3/H3C15/MAPK1/LMNB1/PPP2CB/CCNB2/H2AX/H4C12/H3-3A/H2BC7/TMPO/H2BC8/H3C4/H3C11/H2BC5/SMC4/H3C10/H2AC7/H4C5/NUP62/CDK1/H2AZ1/H3C6/H2BC15/H2AC20/H3C8/CCNB1/H2BC17/H2AC14/H2BC10/H2BC11/H2BC12/H4C1/H4C4/H2BC13/H4C15/H3C14/PLK1/H2BC14/H2BC6/H4C2/H2BC9/GORASP1/H2AC6/H3C13/H4C14/H4C9/H3C12/H2BC3/H4C8/H2AC4/H3C1
REACTOME_L1CAM_INTERACTIONS	REACTOME_L1CAM_INTERACTIONS	82	0.5237796435812581	2.407402777239437	4.718338924498477e-8	9.279399884847006e-7	7.240304875955558e-7	1404	tags=46%, list=16%, signal=39%	TUBB4A/DNM1/SPTB/SCN1B/SCN2B/DNM3/SCN2A/TUBA4A/CNTNAP1/ACTG1/NCAN/SCN4B/RPS6KA2/NFASC/SPTBN1/DPYSL2/SHTN1/SPTAN1/DLG4/TUBA8/TUBB3/MAPK1/SCN1A/KIF4A/RPS6KA1/ANK2/TUBA1B/SH3GL2/CNTN1/RPS6KA4/DCX/TUBB4B/ITGAV/DLG1/EPHB2/TUBA1A/ITGB1/ACTB
REACTOME_GABA_SYNTHESIS_RELEASE_REUPTAKE_AND_DEGRADATION	REACTOME_GABA_SYNTHESIS_RELEASE_REUPTAKE_AND_DEGRADATION	16	0.8057949240699613	2.447596530563112	8.441417614585924e-8	1.6240553454149006e-6	1.267178479443562e-6	767	tags=62%, list=9%, signal=57%	ABAT/SNAP25/RIMS1/SLC6A1/SYT1/STXBP1/RAB3A/GAD2/VAMP2/SLC6A11
REACTOME_MUSCLE_CONTRACTION	REACTOME_MUSCLE_CONTRACTION	107	0.4725066047511034	2.273699928336049	9.251574384138063e-8	1.74205177233238e-6	1.3592458669640694e-6	1127	tags=36%, list=13%, signal=31%	AHCYL1/ATP1B1/RYR2/CAMK2B/TMOD1/CAMK2G/FXYD1/ATP1A1/ATP1B2/SCN1B/SCN2B/ATP1A2/SCN2A/SORBS1/ITPR1/ATP2B2/KCNK9/CALM1/SCN4B/NOS1/HIPK2/ASPH/KCNK10/MYBPC1/ITPR2/CACNG8/TRIM72/KCNK1/KAT2B/KCNJ12/CAMK2A/KCNIP3/TMOD2/SCN1A/CACNG7/SLC8A2/SORBS3/RYR1
REACTOME_G_PROTEIN_MEDIATED_EVENTS	REACTOME_G_PROTEIN_MEDIATED_EVENTS	40	0.6193457747059258	2.4741279299256562	1.2112228349359385e-7	2.2331921019131368e-6	1.7424609204341573e-6	1056	tags=45%, list=12%, signal=40%	AHCYL1/CAMK2B/CAMK2G/CAMKK2/PRKCA/ADCY2/ITPR1/CAMK4/CALM1/KPNA2/ITPR2/PRKCG/MAPK1/CAMK2A/PLCB4/PRKAR1B/ADCY8/PRKX
REACTOME_OPIOID_SIGNALLING	REACTOME_OPIOID_SIGNALLING	63	0.5471989594483346	2.4108270472728357	1.3655702113789508e-7	2.4606098916928283e-6	1.9199049526619035e-6	1357	tags=43%, list=16%, signal=36%	AHCYL1/CAMK2B/CAMK2G/CAMKK2/PPP1R1B/PRKCA/ADCY2/GNG7/ITPR1/CAMK4/CALM1/KPNA2/GNB3/ITPR2/PPP3CA/PRKCG/MAPK1/CAMK2A/PPP2CB/PLCB4/PRKAR1B/ADCY8/PRKX/PDE4A/GNG4/PDE1C/GNG2
REACTOME_MEIOSIS	REACTOME_MEIOSIS	90	0.49776019411076944	2.334751306944051	1.3901750800524453e-7	2.4606098916928283e-6	1.9199049526619035e-6	1571	tags=58%, list=18%, signal=48%	SYNE1/H3C7/H4C11/H2AC8/H2BC4/H4C3/H3C15/HSPA2/LMNB1/H2AX/H4C12/H3-3A/H2BC7/H2BC8/H3C4/H3C11/SYNE2/H2BC5/H3C10/H2AC7/H4C5/H2AZ1/H3C6/H2BC15/H2AC20/H3C8/H2BC17/H2AC14/H2BC10/H2BC11/H2BC12/H4C1/H4C4/H2BC13/H4C15/H3C14/H2BC14/H2BC6/H4C2/H2BC9/BRCA2/H2AC6/H3C13/H4C14/H4C9/H3C12/H2BC3/H4C8/CDK4/SMC1A/H2AC4/H3C1
REACTOME_REPRODUCTION	REACTOME_REPRODUCTION	95	0.4853926091753217	2.285778680734318	1.608444888124084e-7	2.7911249529212044e-6	2.177791221072031e-6	1571	tags=56%, list=18%, signal=46%	SYNE1/H3C7/H4C11/H2AC8/H2BC4/H4C3/H3C15/ZP2/HSPA2/LMNB1/H2AX/H4C12/H3-3A/H2BC7/H2BC8/H3C4/H3C11/SYNE2/H2BC5/H3C10/H2AC7/H4C5/H2AZ1/H3C6/H2BC15/H2AC20/H3C8/H2BC17/H2AC14/H2BC10/H2BC11/H2BC12/H4C1/H4C4/H2BC13/H4C15/H3C14/H2BC14/H2BC6/H4C2/H2BC9/BRCA2/H2AC6/H3C13/H4C14/H4C9/H3C12/H2BC3/H4C8/CDK4/SMC1A/H2AC4/H3C1
REACTOME_HATS_ACETYLATE_HISTONES	REACTOME_HATS_ACETYLATE_HISTONES	102	0.46610765109669744	2.2188961913683745	2.467735505904767e-7	4.199896005241768e-6	3.2769928985294074e-6	1626	tags=54%, list=19%, signal=44%	H3C7/H4C11/H2AC8/H2BC4/H2AC17/H4C3/H2AC11/H3C15/KAT2B/JADE2/H4C12/H2BC7/USP22/H2BC8/H3C4/H3C11/H2BC5/H2BC18/H3C10/H2AC7/H4C5/H3C6/H2BC15/H2AC20/H3C8/H2AC12/H2BC17/H2AC14/H2BC10/H2BC11/H2BC12/H4C1/H4C4/H2BC13/H4C15/H3C14/ACTL6A/HCFC1/H2BC14/H2BC6/H4C2/H2BC9/ACTB/H2AC13/H2AC6/H3C13/H4C14/H4C9/H3C12/H2BC3/H4C8/H2AC4/H2AC16/H3C1/KANSL1
REACTOME_ACTIVATION_OF_THE_MRNA_UPON_BINDING_OF_THE_CAP_BINDING_COMPLEX_AND_EIFS_AND_SUBSEQUENT_BINDING_TO_43S	REACTOME_ACTIVATION_OF_THE_MRNA_UPON_BINDING_OF_THE_CAP_BINDING_COMPLEX_AND_EIFS_AND_SUBSEQUENT_BINDING_TO_43S	55	0.5688595440201408	2.4263883977841894	3.0005391864119983e-7	4.92636314750369e-6	3.843823044617806e-6	2286	tags=76%, list=27%, signal=56%	RPS2/RPSA/RPS5/RPS3/RPS15A/RPS16/RPS7/RPS27/RPS18/PABPC1/RPS11/RPS21/RPS8/RPS3A/RPS6/RPS20/RPS17/RPS13/RPS23/RPS19/RPS9/RPS10/RPS14/EIF3C/EIF3L/EIF4A1/RPS28/RPS4X/RPS12/EIF4B/RPS24/EIF3E/EIF2S3/RPS15/FAU/RPS27A/RPS29/EIF3F/EIF4G1/RPS25/EIF3H/EIF2S1
REACTOME_PRE_NOTCH_EXPRESSION_AND_PROCESSING	REACTOME_PRE_NOTCH_EXPRESSION_AND_PROCESSING	81	0.5054291029923759	2.3146289754323517	3.0059164967819124e-7	4.92636314750369e-6	3.843823044617806e-6	1571	tags=59%, list=18%, signal=49%	H3C7/H4C11/H2AC8/H2BC4/H4C3/H3C15/KAT2B/H2AX/H4C12/TFDP2/H3-3A/H2BC7/H2BC8/H3C4/H3C11/H2BC5/H3C10/H2AC7/H4C5/H2AZ1/H3C6/H2BC15/H2AC20/H3C8/H2BC17/H2AC14/E2F1/H2BC10/H2BC11/H2BC12/H4C1/H4C4/H2BC13/H4C15/H3C14/H2BC14/H2BC6/H4C2/H2BC9/H2AC6/H3C13/H4C14/H4C9/H3C12/H2BC3/H4C8/H2AC4/H3C1
REACTOME_KINESINS	REACTOME_KINESINS	42	0.6046869209048928	2.4365272638103144	3.1647181427746596e-7	5.09231919337377e-6	3.973311199349621e-6	2095	tags=74%, list=24%, signal=56%	KIF1C/TUBB4A/TUBA4A/KIF5A/KIF11/KIF21B/TUBA8/KIF6/TUBB3/KIF4A/KIFC1/KIFC2/TUBA1B/TUBB4B/TUBA1A/KIF18B/KIF2C/KIF20A/KIF1A/KIF26A/RACGAP1/KIF23/KIF3A/KIF22/KIF13B/KIF15/CENPE/KLC2/KIF18A/KLC1/KIF1B
REACTOME_NEGATIVE_EPIGENETIC_REGULATION_OF_RRNA_EXPRESSION	REACTOME_NEGATIVE_EPIGENETIC_REGULATION_OF_RRNA_EXPRESSION	76	0.5080938936340855	2.294021551743843	3.929274914013112e-7	6.209657676610007e-6	4.845120946602634e-6	1571	tags=61%, list=18%, signal=50%	H3C7/H4C11/H2AC8/H2BC4/H4C3/H3C15/H2AX/H4C12/H3-3A/H2BC7/H2BC8/H3C4/H3C11/H2BC5/H3C10/H2AC7/H4C5/H2AZ1/H3C6/H2BC15/H2AC20/HDAC2/H3C8/H2BC17/H2AC14/H2BC10/H2BC11/H2BC12/H4C1/H4C4/H2BC13/H4C15/H3C14/H2BC14/H2BC6/H4C2/H2BC9/H2AC6/H3C13/H4C14/H4C9/H3C12/H2BC3/H4C8/H2AC4/H3C1
REACTOME_RECOGNITION_AND_ASSOCIATION_OF_DNA_GLYCOSYLASE_WITH_SITE_CONTAINING_AN_AFFECTED_PURINE	REACTOME_RECOGNITION_AND_ASSOCIATION_OF_DNA_GLYCOSYLASE_WITH_SITE_CONTAINING_AN_AFFECTED_PURINE	46	0.5893900655472744	2.4195113505578565	4.309131714528994e-7	6.575140633376138e-6	5.130291115664284e-6	1567	tags=72%, list=18%, signal=59%	H4C11/H2AC8/H2BC4/H4C3/H2AX/H4C12/H2BC7/H2BC8/H2BC5/H2AC7/H4C5/H2AZ1/H2BC15/H2AC20/H2BC17/H2AC14/H2BC10/H2BC11/H2BC12/H4C1/H4C4/H2BC13/H4C15/H2BC14/H2BC6/H4C2/H2BC9/H2AC6/H4C14/H4C9/H2BC3/H4C8/H2AC4
REACTOME_BASE_EXCISION_REPAIR_AP_SITE_FORMATION	REACTOME_BASE_EXCISION_REPAIR_AP_SITE_FORMATION	50	0.5748945622803608	2.4135584957543728	4.3079170368034146e-7	6.575140633376138e-6	5.130291115664284e-6	1567	tags=68%, list=18%, signal=56%	H4C11/H2AC8/H2BC4/H4C3/H2AX/H4C12/H2BC7/H2BC8/NEIL1/H2BC5/H2AC7/H4C5/H2AZ1/H2BC15/H2AC20/H2BC17/H2AC14/H2BC10/H2BC11/H2BC12/H4C1/H4C4/H2BC13/H4C15/H2BC14/H2BC6/H4C2/H2BC9/H2AC6/H4C14/H4C9/H2BC3/H4C8/H2AC4
REACTOME_DNA_REPLICATION_PRE_INITIATION	REACTOME_DNA_REPLICATION_PRE_INITIATION	111	0.4488218267579777	2.17312532252049	6.095196604944415e-7	9.142794907416622e-6	7.133718060380976e-6	1952	tags=55%, list=23%, signal=43%	H3C7/H4C11/H2AC8/H2BC4/H4C3/H3C15/MCM2/H2AX/H4C12/H3-3A/H2BC7/H2BC8/MCM6/H3C4/H3C11/MCM7/H2BC5/H3C10/H2AC7/UBC/H4C5/UBA52/MCM3/H2AZ1/H3C6/H2BC15/H2AC20/CDT1/H3C8/H2BC17/H2AC14/E2F1/H2BC10/H2BC11/H2BC12/H4C1/H4C4/H2BC13/H4C15/H3C14/MCM4/H2BC14/H2BC6/H4C2/H2BC9/H2AC6/H3C13/H4C14/H4C9/H3C12/H2BC3/H4C8/H2AC4/H3C1/H4C13/CDK2/CDC6/RPS27A/MCM10/H4C6/E2F2
REACTOME_HCMV_LATE_EVENTS	REACTOME_HCMV_LATE_EVENTS	89	0.4850279657924177	2.2563252093333204	6.208413100720589e-7	9.157409323562868e-6	7.145121042232818e-6	2149	tags=66%, list=25%, signal=50%	H3C7/H4C11/H2AC8/H2BC4/H2AC17/H4C3/H2AC11/H3C15/H4C12/H2BC7/H2BC8/H3C4/H3C11/H2BC5/H2BC18/H3C10/H2AC7/H4C5/NUP62/H3C6/H2BC15/H2AC20/HNRNPK/H3C8/H2AC12/H2BC17/H2AC14/H2BC10/H2BC11/H2BC12/H4C1/H4C4/H2BC13/H4C15/H3C14/H2BC14/H2BC6/H4C2/H2BC9/H2AC13/H2AC6/H3C13/H4C14/H4C9/H3C12/H2BC3/H4C8/H2AC4/H2AC16/H3C1/H4C13/H2AC21/NUP155/H4C6/POM121C/VPS37B/NUP205/CHMP4B/NDC1
REACTOME_PROTEIN_PROTEIN_INTERACTIONS_AT_SYNAPSES	REACTOME_PROTEIN_PROTEIN_INTERACTIONS_AT_SYNAPSES	55	0.5594070600978854	2.386070189958902	6.485854873278811e-7	9.40980584074057e-6	7.342054869492493e-6	1308	tags=47%, list=15%, signal=40%	NRXN3/GRIA1/SYT2/SYT12/GRIN1/SYT1/NLGN3/STXBP1/PTPRS/PPFIA4/GRIN2C/SYT9/EPB41L1/NRXN2/DLG4/LIN7A/GRIA3/GRIA4/BEGAIN/DLG2/SLITRK2/APBA1/SIPA1L1/NLGN2/SLITRK4/DLG1
REACTOME_EPIGENETIC_REGULATION_OF_GENE_EXPRESSION	REACTOME_EPIGENETIC_REGULATION_OF_GENE_EXPRESSION	107	0.45185436066564666	2.174321410819206	7.289435846870657e-7	1.0405081813678277e-5	8.118624644392449e-6	1771	tags=54%, list=21%, signal=44%	H3C7/RBBP4/H4C11/H2AC8/H2BC4/H4C3/UHRF1/H3C15/KAT2B/H2AX/H4C12/H3-3A/H2BC7/CHD4/H2BC8/H3C4/H3C11/H2BC5/H3C10/H2AC7/H4C5/H2AZ1/H3C6/H2BC15/H2AC20/HDAC2/H3C8/H2BC17/H2AC14/H2BC10/H2BC11/H2BC12/H4C1/H4C4/H2BC13/H4C15/EZH2/H3C14/H2BC14/H2BC6/H4C2/H2BC9/ACTB/H2AC6/H3C13/H4C14/H4C9/H3C12/H2BC3/H4C8/DEK/H2AC4/H3C1/CBX3/DNMT3A/H4C13/DNMT1/MTA2
REACTOME_GLUTAMATE_NEUROTRANSMITTER_RELEASE_CYCLE	REACTOME_GLUTAMATE_NEUROTRANSMITTER_RELEASE_CYCLE	19	0.7546514666524615	2.411979490816178	8.649840085835238e-7	1.2064682688322577e-5	9.413537726481844e-6	1062	tags=68%, list=12%, signal=60%	GLS2/SNAP25/RIMS1/SLC1A3/SYT1/STXBP1/PPFIA4/SLC1A2/SLC17A7/RAB3A/VAMP2/GLS/SLC1A6
REACTOME_DNA_REPLICATION	REACTOME_DNA_REPLICATION	140	0.4134591134745771	2.108093938410963	8.724742283080734e-7	1.2064682688322577e-5	9.413537726481844e-6	2185	tags=52%, list=25%, signal=39%	H3C7/H4C11/H2AC8/H2BC4/H4C3/UBE2C/H3C15/MCM2/H2AX/H4C12/H3-3A/H2BC7/H2BC8/MCM6/H3C4/H3C11/MCM7/H2BC5/H3C10/H2AC7/UBC/H4C5/UBA52/MCM3/H2AZ1/H3C6/H2BC15/H2AC20/CDT1/H3C8/H2BC17/H2AC14/E2F1/H2BC10/PCNA/H2BC11/H2BC12/H4C1/H4C4/H2BC13/H4C15/H3C14/MCM4/UBE2S/H2BC14/H2BC6/LIG1/H4C2/H2BC9/H2AC6/H3C13/H4C14/GINS2/H4C9/H3C12/H2BC3/H4C8/H2AC4/H3C1/POLD1/CCNA2/H4C13/CDK2/CDC6/RPS27A/MCM10/H4C6/E2F2/KPNB1/PSMB5/H3-3B/FEN1/PSME4
REACTOME_FACTORS_INVOLVED_IN_MEGAKARYOCYTE_DEVELOPMENT_AND_PLATELET_PRODUCTION	REACTOME_FACTORS_INVOLVED_IN_MEGAKARYOCYTE_DEVELOPMENT_AND_PLATELET_PRODUCTION	100	0.46223788637672697	2.1928283746216204	9.257311829983327e-7	1.2604186106977299e-5	9.834488357034919e-6	2272	tags=60%, list=27%, signal=45%	KIF1C/TUBB4A/TUBA4A/H3C7/KIF5A/KIF11/KIF21B/ITPK1/TUBA8/EHD3/KIF6/H3C15/TUBB3/KDM1A/PRKAR1B/KIF4A/H3-3A/KIFC1/H3C4/H3C11/H3C10/KIFC2/TUBA1B/DOCK3/H3C6/HDAC2/H3C8/TUBB4B/H3C14/TUBA1A/KIF18B/KIF2C/KIF20A/ACTB/KIF1A/DOCK5/H3C13/KIF26A/H3C12/CBX5/RACGAP1/WEE1/H3C1/KIF23/ABL1/KIF3A/KIF22/TP53/KIF13B/CDK2/KIF15/CENPE/KLC2/KIF18A/KLC1/KIF1B/H3-3B/KIF21A/PRKAR2A/HMG20B
REACTOME_MEIOTIC_SYNAPSIS	REACTOME_MEIOTIC_SYNAPSIS	61	0.5279618303059479	2.3081538869839027	1.1113386733193967e-6	1.4902041301328272e-5	1.1627403025478856e-5	1567	tags=62%, list=18%, signal=51%	SYNE1/H4C11/H2AC8/H2BC4/H4C3/HSPA2/LMNB1/H2AX/H4C12/H2BC7/H2BC8/SYNE2/H2BC5/H2AC7/H4C5/H2AZ1/H2BC15/H2AC20/H2BC17/H2AC14/H2BC10/H2BC11/H2BC12/H4C1/H4C4/H2BC13/H4C15/H2BC14/H2BC6/H4C2/H2BC9/H2AC6/H4C14/H4C9/H2BC3/H4C8/SMC1A/H2AC4
REACTOME_CA_DEPENDENT_EVENTS	REACTOME_CA_DEPENDENT_EVENTS	28	0.6761961073437809	2.4523066833517513	1.1872183744831186e-6	1.568191434951582e-5	1.223590343536411e-5	1056	tags=50%, list=12%, signal=44%	CAMK2B/CAMK2G/CAMKK2/PRKCA/ADCY2/CAMK4/CALM1/KPNA2/PRKCG/MAPK1/CAMK2A/PRKAR1B/ADCY8/PRKX
REACTOME_ASSEMBLY_AND_CELL_SURFACE_PRESENTATION_OF_NMDA_RECEPTORS	REACTOME_ASSEMBLY_AND_CELL_SURFACE_PRESENTATION_OF_NMDA_RECEPTORS	30	0.6505894685074076	2.393165677695062	1.4468191893098126e-6	1.882992621381153e-5	1.4692157711876735e-5	1328	tags=57%, list=15%, signal=48%	CAMK2B/CAMK2G/TUBB4A/TUBA4A/GRIN1/GRIN2C/DLG4/LIN7A/TUBA8/TUBB3/CAMK2A/DLG2/APBA1/TUBA1B/TUBB4B/DLG1/TUBA1A
REACTOME_RRNA_PROCESSING	REACTOME_RRNA_PROCESSING	144	0.40505562057653705	2.078017657330982	1.645985046809244e-6	2.1111547339509868e-5	1.6472405655329735e-5	1956	tags=51%, list=23%, signal=40%	RPS2/RPL13A/RPL13/RPSA/RPS5/RPL6/RPL10/RPL10A/RPLP2/RPS3/RPS15A/RPS16/RPS7/RPL23/RPL32/RPL35A/RPL18/RPS27/RPL4/RPL19/RPS18/RPS11/RPS21/RPL36A/RPS8/RPS3A/RPS6/RPL30/RPS20/RPS17/RPL22/RPS13/RPS23/RPL27/RPL5/RPL8/RPS19/RPS9/RPL39/RPS10/FBL/UBA52/RPL28/RPL36/RPL29/RPS14/RPL11/RPL14/RPLP1/RPL7A/RPL27A/RPL18A/RPL12/RPS28/RPS4X/RPLP0/RPL24/RPL21/RPS12/RPL17/RPS24/RPS15/RPL9/RPL3/RPL7/RPL37/RPL41/RPL26/FAU/RPS27A/RPS29/RPL23A/RPL34
REACTOME_DOPAMINE_NEUROTRANSMITTER_RELEASE_CYCLE	REACTOME_DOPAMINE_NEUROTRANSMITTER_RELEASE_CYCLE	15	0.771011107441826	2.2898983529586143	2.2420388053794715e-6	2.8345776325154745e-5	2.2116954230510275e-5	1080	tags=73%, list=13%, signal=64%	SNAP25/RIMS1/SYT1/STXBP1/PPFIA4/RAB3A/SYN2/VAMP2/LIN7A/SYN1/APBA1
REACTOME_DNA_DOUBLE_STRAND_BREAK_RESPONSE	REACTOME_DNA_DOUBLE_STRAND_BREAK_RESPONSE	63	0.5159364714280978	2.273092041781938	2.5012508819729407e-6	3.117756381050778e-5	2.432647262526685e-5	1947	tags=60%, list=23%, signal=47%	KPNA2/H4C11/H2BC4/H4C3/H2AX/H4C12/H2BC7/NSD2/H2BC8/H2BC5/UBC/H4C5/UBA52/H2BC15/APBB1/H2BC17/H2BC10/H2BC11/H2BC12/H4C1/H4C4/H2BC13/H4C15/H2BC14/H2BC6/H4C2/H2BC9/H4C14/H4C9/H2BC3/H4C8/ABL1/TP53/H4C13/EYA1/KDM4B/RPS27A/H4C6
REACTOME_TRANSCRIPTIONAL_REGULATION_BY_SMALL_RNAS	REACTOME_TRANSCRIPTIONAL_REGULATION_BY_SMALL_RNAS	85	0.46983532689606267	2.1815336274436508	3.1662444767315534e-6	3.891842169315867e-5	3.0366321297308468e-5	2213	tags=65%, list=26%, signal=48%	H3C7/H4C11/H2AC8/H2BC4/H4C3/H3C15/H2AX/H4C12/H3-3A/H2BC7/H2BC8/H3C4/H3C11/H2BC5/H3C10/H2AC7/H4C5/NUP62/H2AZ1/H3C6/H2BC15/H2AC20/H3C8/H2BC17/H2AC14/H2BC10/H2BC11/H2BC12/H4C1/H4C4/H2BC13/H4C15/H3C14/H2BC14/H2BC6/H4C2/H2BC9/H2AC6/H3C13/H4C14/H4C9/H3C12/H2BC3/H4C8/H2AC4/H3C1/H4C13/NUP155/H4C6/POM121C/AGO2/NUP205/H3-3B/NDC1/RAN
REACTOME_UNBLOCKING_OF_NMDA_RECEPTORS_GLUTAMATE_BINDING_AND_ACTIVATION	REACTOME_UNBLOCKING_OF_NMDA_RECEPTORS_GLUTAMATE_BINDING_AND_ACTIVATION	18	0.7184067921697836	2.2632401948689953	4.40817743067414e-6	5.344160309789882e-5	4.169811671985921e-5	1768	tags=78%, list=21%, signal=62%	CAMK2B/CAMK2G/GRIA1/GRIN1/CALM1/GRIN2C/DLG4/GRIA3/CAMK2A/GRIA4/DLG2/DLG1/NEFL/GRIN2B
REACTOME_RUNX1_REGULATES_TRANSCRIPTION_OF_GENES_INVOLVED_IN_DIFFERENTIATION_OF_HSCS	REACTOME_RUNX1_REGULATES_TRANSCRIPTION_OF_GENES_INVOLVED_IN_DIFFERENTIATION_OF_HSCS	93	0.4476266635524394	2.109429769145653	4.555851493542128e-6	5.4485521240334915e-5	4.2512639825940767e-5	1571	tags=52%, list=18%, signal=43%	H3C7/H4C11/H2AC8/H2BC4/H4C3/H3C15/TCF3/H2AX/H4C12/H3-3A/H2BC7/H2BC8/H3C4/H3C11/H2BC5/H3C10/H2AC7/UBC/H4C5/UBA52/H2AZ1/H3C6/H2BC15/H2AC20/H3C8/H2BC17/H2AC14/H2BC10/H2BC11/H2BC12/H4C1/H4C4/H2BC13/H4C15/H3C14/H2BC14/H2BC6/H4C2/H2BC9/H2AC6/H3C13/H4C14/H4C9/H3C12/H2BC3/H4C8/H2AC4/H3C1
REACTOME_BASE_EXCISION_REPAIR	REACTOME_BASE_EXCISION_REPAIR	70	0.5032941041153799	2.2384798631190006	5.592321313405961e-6	6.598939149819035e-5	5.148860044342892e-5	1627	tags=56%, list=19%, signal=46%	H4C11/H2AC8/H2BC4/H4C3/H2AX/H4C12/H2BC7/H2BC8/NEIL1/H2BC5/H2AC7/H4C5/H2AZ1/H2BC15/H2AC20/H2BC17/H2AC14/H2BC10/PCNA/H2BC11/H2BC12/H4C1/H4C4/H2BC13/H4C15/APEX1/H2BC14/H2BC6/LIG3/LIG1/H4C2/H2BC9/H2AC6/H4C14/H4C9/H2BC3/H4C8/H2AC4/POLD1
REACTOME_RECYCLING_PATHWAY_OF_L1	REACTOME_RECYCLING_PATHWAY_OF_L1	30	0.6297743067953694	2.316597991010544	6.611698368652123e-6	7.625462623512103e-5	5.9498108605696565e-5	1404	tags=63%, list=16%, signal=53%	TUBB4A/DNM1/DNM3/TUBA4A/ACTG1/RPS6KA2/DPYSL2/SHTN1/TUBA8/TUBB3/MAPK1/KIF4A/RPS6KA1/TUBA1B/SH3GL2/RPS6KA4/TUBB4B/TUBA1A/ACTB
REACTOME_ACTIVATION_OF_ANTERIOR_HOX_GENES_IN_HINDBRAIN_DEVELOPMENT_DURING_EARLY_EMBRYOGENESIS	REACTOME_ACTIVATION_OF_ANTERIOR_HOX_GENES_IN_HINDBRAIN_DEVELOPMENT_DURING_EARLY_EMBRYOGENESIS	91	0.45937088804966697	2.1654223941734907	6.634583299552902e-6	7.625462623512103e-5	5.9498108605696565e-5	1571	tags=52%, list=18%, signal=43%	H3C7/RBBP4/H4C11/H2AC8/H2BC4/H4C3/H3C15/H2AX/H4C12/H3-3A/H2BC7/H2BC8/H3C4/H3C11/H2BC5/H3C10/H2AC7/H4C5/H2AZ1/H3C6/H2BC15/H2AC20/H3C8/H2BC17/H2AC14/H2BC10/H2BC11/H2BC12/H4C1/H4C4/H2BC13/H4C15/EZH2/H3C14/H2BC14/H2BC6/H4C2/H2BC9/H2AC6/H3C13/H4C14/H4C9/H3C12/H2BC3/H4C8/H2AC4/H3C1
REACTOME_RNA_POLYMERASE_II_TRANSCRIBES_SNRNA_GENES	REACTOME_RNA_POLYMERASE_II_TRANSCRIBES_SNRNA_GENES	40	-0.5579808122227136	-2.3000236687151125	8.513078033764181e-6	9.659069307540129e-5	7.536544116260868e-5	2811	tags=72%, list=33%, signal=49%	POLR2G/POLR2C/SRRT/TAF11/INTS6/GTF2E1/NCBP2/INTS9/INTS2/TAF6/NABP2/POLR2A/POLR2E/ELL3/INTS4/CCNT1/INTS13/NCBP1/INTS14/RPRD1B/POLR2H/TAF8/ICE1/RPAP2/GTF2A2/INTS10/TAF13/POLR2L/RPRD2
REACTOME_SEROTONIN_NEUROTRANSMITTER_RELEASE_CYCLE	REACTOME_SEROTONIN_NEUROTRANSMITTER_RELEASE_CYCLE	12	0.7906633223197767	2.2461826771298834	9.586087086682027e-6	1.073884439457417e-4	8.3790448086121385e-05	1053	tags=75%, list=12%, signal=66%	SNAP25/RIMS1/SYT1/STXBP1/PPFIA4/RAB3A/SYN2/VAMP2/SYN1
REACTOME_CAMK_IV_MEDIATED_PHOSPHORYLATION_OF_CREB	REACTOME_CAMK_IV_MEDIATED_PHOSPHORYLATION_OF_CREB	10	0.8217459437834942	2.1660929159441813	1.1819027786154665e-5	1.3074799488433598e-4	1.02016871417335e-4	844	tags=70%, list=10%, signal=63%	CAMK2B/CAMK2G/CAMKK2/CAMK4/CALM1/KPNA2/CAMK2A
REACTOME_SYNDECAN_INTERACTIONS	REACTOME_SYNDECAN_INTERACTIONS	23	0.6704812584662065	2.270464785492123	1.2237687027853992e-5	1.337080619709973e-4	1.0432648070529198e-4	1714	tags=65%, list=20%, signal=52%	PRKCA/ITGB4/COL3A1/TNC/COL1A1/COL1A2/FN1/SDC4/SDC3/COL5A1/ITGAV/ITGB1/THBS1/COL5A2/ITGB5
REACTOME_CREATINE_METABOLISM	REACTOME_CREATINE_METABOLISM	10	0.8200902630374691	2.1617286007173635	1.2611356860765564e-5	1.3611037587533565e-4	1.0620089988013108e-4	767	tags=60%, list=9%, signal=55%	CKMT1B/SLC6A7/GATM/CKB/CKMT1A/SLC6A11
REACTOME_SCAVENGING_BY_CLASS_A_RECEPTORS	REACTOME_SCAVENGING_BY_CLASS_A_RECEPTORS	12	0.7841275099381481	2.227615193172853	1.288721407229074e-5	1.374118608912928e-4	1.0721639101360462e-4	349	tags=58%, list=4%, signal=56%	APOE/COL4A2/COL3A1/COL4A1/COL1A1/COL1A2/MASP1
REACTOME_VEGFR2_MEDIATED_CELL_PROLIFERATION	REACTOME_VEGFR2_MEDIATED_CELL_PROLIFERATION	15	0.7453863391113019	2.2137929451004785	1.3488902080072973e-5	1.4211521834362598e-4	1.1088621258806856e-4	587	tags=40%, list=7%, signal=37%	PRKCZ/AHCYL1/PRKCA/ITPR1/CALM1/ITPR2
REACTOME_CREB1_PHOSPHORYLATION_THROUGH_NMDA_RECEPTOR_MEDIATED_ACTIVATION_OF_RAS_SIGNALING	REACTOME_CREB1_PHOSPHORYLATION_THROUGH_NMDA_RECEPTOR_MEDIATED_ACTIVATION_OF_RAS_SIGNALING	22	0.6719784532376352	2.2458772190038787	1.5207731743194296e-5	1.5833932462031708e-4	1.2354516437814808e-4	2271	tags=77%, list=27%, signal=57%	CAMK2B/CAMK2G/RASGRF1/GRIN1/CALM1/RPS6KA2/DLG4/MAPK1/CAMK2A/RPS6KA1/DLG2/DLG1/NEFL/GRIN2B/DLG3/LRRC7/NRAS
REACTOME_NONHOMOLOGOUS_END_JOINING_NHEJ	REACTOME_NONHOMOLOGOUS_END_JOINING_NHEJ	51	0.5181270320795719	2.1939227435401514	1.576554067902707e-5	1.6223841280161577e-4	1.2658745025020512e-4	1578	tags=59%, list=18%, signal=48%	H4C11/H2BC4/PRKDC/H4C3/XRCC5/H2AX/H4C12/H2BC7/NSD2/H2BC8/H2BC5/H4C5/H2BC15/H2BC17/H2BC10/H2BC11/H2BC12/H4C1/H4C4/H2BC13/H4C15/H2BC14/H2BC6/H4C2/H2BC9/H4C14/H4C9/H2BC3/H4C8/XRCC6
REACTOME_SIGNALING_BY_MODERATE_KINASE_ACTIVITY_BRAF_MUTANTS	REACTOME_SIGNALING_BY_MODERATE_KINASE_ACTIVITY_BRAF_MUTANTS	30	0.6095157580745724	2.2420777815307424	1.8965268482766295e-5	1.9292255870400197e-4	1.505289307283084e-4	844	tags=40%, list=10%, signal=36%	CAMK2B/CAMK2G/KSR2/ACTG1/FN1/CALM1/PEBP1/CNKSR2/APBB1IP/VWF/MAPK1/CAMK2A
REACTOME_NEUREXINS_AND_NEUROLIGINS	REACTOME_NEUREXINS_AND_NEUROLIGINS	38	0.5661084357519401	2.220854194733177	2.00666772044692e-5	2.0180692415858227e-4	1.574610077288492e-4	1149	tags=47%, list=13%, signal=41%	NRXN3/SYT2/SYT12/GRIN1/SYT1/NLGN3/STXBP1/GRIN2C/SYT9/EPB41L1/NRXN2/DLG4/LIN7A/BEGAIN/DLG2/APBA1/SIPA1L1/NLGN2
REACTOME_ION_TRANSPORT_BY_P_TYPE_ATPASES	REACTOME_ION_TRANSPORT_BY_P_TYPE_ATPASES	34	0.5923828853720144	2.2639669635641475	2.389616547923943e-5	2.3761917358569546e-4	1.85403720335672e-4	529	tags=32%, list=6%, signal=30%	ATP1B1/CAMK2B/CAMK2G/FXYD1/ATP1A1/ATP1B2/ATP1A2/ATP2B2/ATP10B/CALM1/ATP13A4
REACTOME_TRAFFICKING_OF_AMPA_RECEPTORS	REACTOME_TRAFFICKING_OF_AMPA_RECEPTORS	24	0.6463165369439768	2.230047266544187	2.9709986170418608e-5	2.9214819734244967e-4	0.00022795030324905975	865	tags=54%, list=10%, signal=49%	CAMK2B/CAMK2G/PRKCA/TSPAN7/GRIA1/MYO6/EPB41L1/CACNG8/DLG4/GRIA3/PRKCG/CAMK2A/GRIA4
REACTOME_SIGNALING_BY_BRAF_AND_RAF1_FUSIONS	REACTOME_SIGNALING_BY_BRAF_AND_RAF1_FUSIONS	42	0.5402876896831941	2.177036811453114	3.0748506474192634e-5	2.9903767285341187e-4	2.3332585595223096e-4	844	tags=33%, list=10%, signal=30%	QKI/CAMK2B/CAMK2G/KSR2/ACTG1/FN1/CALM1/PEBP1/CNKSR2/FAM131B/APBB1IP/VWF/MAPK1/CAMK2A
REACTOME_LONG_TERM_POTENTIATION	REACTOME_LONG_TERM_POTENTIATION	18	0.687288217300132	2.1652054738451008	3.161061413234757e-5	3.0217123826576097e-4	2.3577083830191996e-4	2193	tags=78%, list=26%, signal=58%	CAMK2B/CAMK2G/GRIA1/GRIN1/CALM1/GRIN2C/DLG4/CAMK2A/DLG2/DLG1/NEFL/GRIN2B/DLG3/LRRC7
REACTOME_INHIBITION_OF_DNA_RECOMBINATION_AT_TELOMERE	REACTOME_INHIBITION_OF_DNA_RECOMBINATION_AT_TELOMERE	55	0.5007641169109179	2.13593716774536	3.175358774996132e-5	3.0217123826576097e-4	2.3577083830191996e-4	1567	tags=62%, list=18%, signal=51%	H4C11/H2AC8/H2BC4/H4C3/H2AX/H4C12/H3-3A/H2BC7/H2BC8/H2BC5/H2AC7/H4C5/H2AZ1/H2BC15/H2AC20/H2BC17/H2AC14/H2BC10/H2BC11/H2BC12/H4C1/H4C4/H2BC13/H4C15/H2BC14/H2BC6/H4C2/H2BC9/H2AC6/H4C14/H4C9/H2BC3/H4C8/H2AC4
REACTOME_GABA_RECEPTOR_ACTIVATION	REACTOME_GABA_RECEPTOR_ACTIVATION	41	0.5484100434577803	2.2183644091742183	3.8906295983443385e-5	3.6629863771646165e-4	2.858066087921485e-4	1501	tags=51%, list=18%, signal=42%	KCNJ10/GABRA6/ADCY2/GABBR1/GNG7/KCNJ9/KCNJ16/GABBR2/GABRB2/GNB3/KCNJ3/KCNJ12/NPTN/GABRA1/ADCY8/KCNJ2/GNG4/GNG2/GABRB3/GABRA5/GABRG2
REACTOME_GAP_JUNCTION_TRAFFICKING_AND_REGULATION	REACTOME_GAP_JUNCTION_TRAFFICKING_AND_REGULATION	27	0.6060692155372895	2.167370440546219	5.993496761570716e-5	5.583415404200088e-4	4.3564918289090194e-4	1404	tags=52%, list=16%, signal=43%	GJA1/TUBB4A/DNM1/TUBA4A/ACTG1/MYO6/GJB6/TUBA8/TUBB3/GJB1/TUBA1B/TUBB4B/TUBA1A/ACTB
REACTOME_ESR_MEDIATED_SIGNALING	REACTOME_ESR_MEDIATED_SIGNALING	146	0.3619658936625561	1.8544130692729814	6.852682995638435e-5	6.317317136604183e-4	4.929122856511857e-4	1571	tags=40%, list=18%, signal=34%	PRKCZ/GNG7/CALM1/H3C7/KPNA2/H4C11/H2AC8/H2BC4/GNB3/H4C3/H3C15/KAT2B/MAPK1/H2AX/KDM1A/H4C12/H3-3A/H2BC7/H2BC8/H3C4/H3C11/H2BC5/H3C10/H2AC7/H4C5/H2AZ1/MMP2/H3C6/H2BC15/H2AC20/H3C8/H2BC17/H2AC14/H2BC10/H2BC11/H2BC12/H4C1/H4C4/H2BC13/H4C15/H3C14/GNG4/H2BC14/PRMT1/H2BC6/GNG2/H4C2/H2BC9/H2AC6/H3C13/H4C14/H4C9/H3C12/H2BC3/H4C8/MED1/SMC1A/H2AC4/H3C1
REACTOME_RAS_ACTIVATION_UPON_CA2_INFLUX_THROUGH_NMDA_RECEPTOR	REACTOME_RAS_ACTIVATION_UPON_CA2_INFLUX_THROUGH_NMDA_RECEPTOR	17	0.6853863222237817	2.120479433419358	7.14182075076208e-5	6.515991097344784e-4	5.084139351600568e-4	2271	tags=82%, list=27%, signal=61%	CAMK2B/CAMK2G/RASGRF1/GRIN1/CALM1/DLG4/CAMK2A/DLG2/DLG1/NEFL/GRIN2B/DLG3/LRRC7/NRAS
REACTOME_NEGATIVE_REGULATION_OF_NMDA_RECEPTOR_MEDIATED_NEURONAL_TRANSMISSION	REACTOME_NEGATIVE_REGULATION_OF_NMDA_RECEPTOR_MEDIATED_NEURONAL_TRANSMISSION	18	0.6684010348007299	2.10570404503571	7.403459385942086e-5	6.685777098529332e-4	5.216615850889375e-4	2193	tags=83%, list=26%, signal=62%	CAMK2B/CAMK2G/GRIN1/CAMK4/CALM1/GRIN2C/DLG4/CAMK2A/DLG2/DLG1/NEFL/GRIN2B/PPM1E/DLG3/LRRC7
REACTOME_BINDING_AND_UPTAKE_OF_LIGANDS_BY_SCAVENGER_RECEPTORS	REACTOME_BINDING_AND_UPTAKE_OF_LIGANDS_BY_SCAVENGER_RECEPTORS	21	0.6399419121325706	2.113521940722243	8.535962533816789e-5	7.630633174169554e-4	5.953845212316655e-4	1833	tags=67%, list=21%, signal=53%	APOE/COL4A2/COL3A1/COL4A1/COL1A1/COL1A2/MASP1/LRP1/CALR/SPARC/HPR/FTH1/FTL/HYOU1
REACTOME_HDMS_DEMETHYLATE_HISTONES	REACTOME_HDMS_DEMETHYLATE_HISTONES	43	0.50434169819325	2.0364630155562704	1.0025239128042447e-4	8.872336628317566e-4	6.922691439995627e-4	1947	tags=65%, list=23%, signal=51%	H3C7/H4C11/H4C3/H3C15/KDM1A/H4C12/H3C4/H3C11/H3C10/H4C5/H3C6/H3C8/H4C1/H4C4/H4C15/H3C14/KDM5B/H4C2/H3C13/H4C14/H4C9/H3C12/H4C8/H3C1/H4C13/KDM4C/KDM4B/H4C6
REACTOME_NON_INTEGRIN_MEMBRANE_ECM_INTERACTIONS	REACTOME_NON_INTEGRIN_MEMBRANE_ECM_INTERACTIONS	48	0.5057284815620919	2.1060293552012306	1.0384631075653839e-4	9.099404457379849e-4	7.099862413370422e-4	2200	tags=54%, list=26%, signal=40%	PRKCA/ITGB4/COL4A2/COL3A1/TNC/COL4A1/COL1A1/COL1A2/FN1/HSPG2/SDC4/SDC3/COL5A1/DDR1/LAMC2/ITGAV/ITGB1/THBS1/LAMC3/COL5A2/ITGB5/FGF2/CASK/AGRN/COL11A1/LAMB1
REACTOME_ESTROGEN_DEPENDENT_GENE_EXPRESSION	REACTOME_ESTROGEN_DEPENDENT_GENE_EXPRESSION	106	0.3955372493279321	1.9005335810825168	1.0524785645453337e-4	9.131799310025688e-4	7.125138682577285e-4	1571	tags=48%, list=18%, signal=40%	H3C7/KPNA2/H4C11/H2AC8/H2BC4/H4C3/H3C15/KAT2B/H2AX/KDM1A/H4C12/H3-3A/H2BC7/H2BC8/H3C4/H3C11/H2BC5/H3C10/H2AC7/H4C5/H2AZ1/H3C6/H2BC15/H2AC20/H3C8/H2BC17/H2AC14/H2BC10/H2BC11/H2BC12/H4C1/H4C4/H2BC13/H4C15/H3C14/H2BC14/PRMT1/H2BC6/H4C2/H2BC9/H2AC6/H3C13/H4C14/H4C9/H3C12/H2BC3/H4C8/MED1/SMC1A/H2AC4/H3C1
REACTOME_PHASE_0_RAPID_DEPOLARISATION	REACTOME_PHASE_0_RAPID_DEPOLARISATION	22	0.6335589615035737	2.1174721178648355	1.065883499946225e-4	9.158319392741835e-4	7.145831128918995e-4	965	tags=50%, list=11%, signal=44%	CAMK2B/CAMK2G/SCN1B/SCN2B/SCN2A/CALM1/SCN4B/CACNG8/CAMK2A/SCN1A/CACNG7
REACTOME_ECM_PROTEOGLYCANS	REACTOME_ECM_PROTEOGLYCANS	58	0.4715924101681022	2.0584093836990682	1.4239396082955992e-4	0.0012117178397515437	9.454497804067947e-4	1082	tags=34%, list=13%, signal=30%	TNR/COL4A2/COL3A1/BCAN/TNC/COL6A3/COL4A1/COL1A1/COL1A2/FN1/HSPG2/PTPRS/NCAN/BGN/DCN/COL5A1/LUM/FMOD/SPARC/LRP4
REACTOME_RESOLUTION_OF_SISTER_CHROMATID_COHESION	REACTOME_RESOLUTION_OF_SISTER_CHROMATID_COHESION	94	0.4107581066265498	1.9390018273139764	1.4619027067654634e-4	0.0012321751385594621	9.614117049003949e-4	2739	tags=61%, list=32%, signal=42%	TUBB4A/TUBA4A/CENPF/BIRC5/RPS27/TUBA8/TUBB3/PPP2CB/CCNB2/PPP2R5A/CDC20/TUBA1B/CDK1/RCC2/CCNB1/MAD2L1/TUBB4B/KNL1/TUBA1A/PLK1/KNTC1/MAPRE1/KIF2C/CDCA5/BUB1/SMC1A/CENPN/CENPA/BUB1B/CDCA8/SPC24/INCENP/CENPU/DYNC1I1/CENPE/KIF18A/CENPI/AURKB/NUF2/SGO1/NDC80/ZWILCH/PDS5A/ZWINT/BUB3/SGO2/TAOK1/SPC25/CENPO/XPO1/PDS5B/ERCC6L/NUP160/CENPH/CLIP1/CENPK/CKAP5
REACTOME_POTASSIUM_CHANNELS	REACTOME_POTASSIUM_CHANNELS	55	0.4739133980635254	2.021409296378273	1.5453176584145732e-4	0.0012901944600914126	0.0010066816126315394	1551	tags=42%, list=18%, signal=34%	KCNA2/KCNJ10/GABBR1/GNG7/KCNN3/KCNJ9/KCNJ16/KCNK9/GABBR2/GNB3/KCNK10/KCNH1/KCNK1/KCNJ3/KCNJ12/KCNC1/KCNN2/KCNB2/KCNJ2/GNG4/GNG2/KCNC3/KCND2
REACTOME_CRISTAE_FORMATION	REACTOME_CRISTAE_FORMATION	18	-0.6475863624749995	-2.1571389187233234	1.6321343752701695e-4	0.0013499429178636447	0.0010533006888118358	884	tags=50%, list=10%, signal=45%	DNAJC11/ATP5MC1/IMMT/SAMM50/ATP5MC2/ATP5MF/ATP5PB/HSPA9/MTX2
REACTOME_COMPLEMENT_CASCADE	REACTOME_COMPLEMENT_CASCADE	18	0.6446357194302726	2.0308347403793516	1.9734446351089746e-4	0.0016171282426587432	0.0012617735678669467	432	tags=39%, list=5%, signal=37%	C3/C4B/CD81/CLU/CD59/MASP1/C4A
REACTOME_G2_M_DNA_DAMAGE_CHECKPOINT	REACTOME_G2_M_DNA_DAMAGE_CHECKPOINT	72	0.43245056381138963	1.9327965195871508	1.996861521659767e-4	0.0016213049969439394	0.001265032504305946	2232	tags=57%, list=26%, signal=42%	H4C11/H2BC4/H4C3/H2AX/H4C12/H2BC7/NSD2/H2BC8/H2BC5/H4C5/CDK1/H2BC15/CCNB1/H2BC17/H2BC10/H2BC11/H2BC12/H4C1/H4C4/H2BC13/H4C15/H2BC14/CHEK1/H2BC6/H4C2/H2BC9/H4C14/H4C9/H2BC3/H4C8/WEE1/BRIP1/YWHAH/TP53/H4C13/H4C6/TOPBP1/YWHAZ/BRCA1/EXO1/YWHAQ
REACTOME_RHO_GTPASES_ACTIVATE_FORMINS	REACTOME_RHO_GTPASES_ACTIVATE_FORMINS	101	0.39336464090901735	1.8704470108769315	2.0244030057676041e-4	0.0016287242364584815	0.0012708214084053095	2739	tags=56%, list=32%, signal=39%	TUBB4A/TUBA4A/ACTG1/CENPF/BIRC5/RPS27/TUBA8/TUBB3/PPP2CB/PPP2R5A/CDC20/TUBA1B/RCC2/MAD2L1/TUBB4B/KNL1/TUBA1A/PLK1/KNTC1/MAPRE1/ITGB1/KIF2C/ACTB/BUB1/DVL3/CENPN/CENPA/BUB1B/CDCA8/DIAPH3/SPC24/INCENP/CENPU/DYNC1I1/CENPE/KIF18A/RHOC/SRGAP2/CENPI/AURKB/NUF2/SGO1/NDC80/ZWILCH/ZWINT/BUB3/SGO2/TAOK1/SPC25/CENPO/XPO1/ERCC6L/NUP160/CENPH/CLIP1/CENPK/CKAP5
REACTOME_FCGR3A_MEDIATED_IL10_SYNTHESIS	REACTOME_FCGR3A_MEDIATED_IL10_SYNTHESIS	25	0.5944960908593434	2.0785733993925675	2.106851603513965e-4	0.0016797870892881614	0.0013106634916122913	1056	tags=44%, list=12%, signal=39%	AHCYL1/ADCY2/ITPR1/CALM1/ITPR2/FCGR1A/LYN/FCGR3A/PRKAR1B/ADCY8/PRKX
REACTOME_ONCOGENIC_MAPK_SIGNALING	REACTOME_ONCOGENIC_MAPK_SIGNALING	52	0.4686828585596703	1.986894786357054	2.9524096375005497e-4	0.0023329308296321308	0.0018202826336469555	844	tags=27%, list=10%, signal=24%	QKI/CAMK2B/CAMK2G/KSR2/ACTG1/FN1/CALM1/PEBP1/CNKSR2/FAM131B/APBB1IP/VWF/MAPK1/CAMK2A
REACTOME_GENE_SILENCING_BY_RNA	REACTOME_GENE_SILENCING_BY_RNA	98	0.3818718602855402	1.8060805794344947	3.1521355847532887e-4	0.002468707957970496	0.0019262235152288378	1571	tags=47%, list=18%, signal=39%	H3C7/H4C11/H2AC8/H2BC4/H4C3/H3C15/H2AX/H4C12/H3-3A/H2BC7/H2BC8/H3C4/H3C11/H2BC5/H3C10/H2AC7/H4C5/NUP62/H2AZ1/H3C6/H2BC15/H2AC20/H3C8/H2BC17/H2AC14/H2BC10/H2BC11/H2BC12/H4C1/H4C4/H2BC13/H4C15/H3C14/H2BC14/H2BC6/H4C2/H2BC9/H2AC6/H3C13/H4C14/H4C9/H3C12/H2BC3/H4C8/H2AC4/H3C1
REACTOME_PKMTS_METHYLATE_HISTONE_LYSINES	REACTOME_PKMTS_METHYLATE_HISTONE_LYSINES	54	0.46083345563620914	1.9562628416988583	3.3508549503054324e-4	0.0026013216061581646	0.002029696073315202	1743	tags=52%, list=20%, signal=42%	H3C7/RBBP4/H4C11/H4C3/H3C15/H4C12/NSD2/H3C4/H3C11/H3C10/ATF7IP/H4C5/H3C6/H3C8/H4C1/H4C4/H4C15/EZH2/H3C14/H4C2/H3C13/H4C14/H4C9/H3C12/H4C8/H3C1/DOT1L/H4C13
REACTOME_PROCESSING_OF_DNA_DOUBLE_STRAND_BREAK_ENDS	REACTOME_PROCESSING_OF_DNA_DOUBLE_STRAND_BREAK_ENDS	74	0.42415568619992317	1.9099566883039532	3.4679153290736087e-4	0.0026687870141131687	0.0020823363440478607	1953	tags=53%, list=23%, signal=41%	H4C11/H2BC4/H4C3/H2AX/H4C12/TIMELESS/H2BC7/NSD2/H2BC8/H2BC5/UBC/H4C5/UBA52/H2BC15/H2BC17/H2BC10/H2BC11/H2BC12/H4C1/H4C4/H2BC13/H4C15/H2BC14/CHEK1/H2BC6/H4C2/H2BC9/H4C14/H4C9/H2BC3/H4C8/SUMO2/BRIP1/CCNA2/H4C13/CDK2/RPS27A/H4C6/TOPBP1
REACTOME_SENSORY_PERCEPTION	REACTOME_SENSORY_PERCEPTION	112	0.36386648483387246	1.767437751519976	3.636817604728338e-4	0.0027746410174004994	0.0021649295360270326	1841	tags=38%, list=21%, signal=30%	GRM4/PRKCA/APOE/SNAP25/SCN1B/SCN2B/SCN2A/ATP2B2/ACTG1/HSPG2/CALM1/SDC4/LRP1/SCN4B/EPB41L1/GNB3/RAB3A/SPTBN1/TPRN/SDC3/SPTAN1/VAMP2/EPS8L2/APOC2/CABP1/GPC6/USH1C/SYN1/KCNN2/PCLO/CACNA1D/CDH23/KCNJ2/ACTB/MYO7A/DHRS3/HSD17B6/GNAL/GRM1/GPC2/LPL/GNB1
REACTOME_METALLOPROTEASE_DUBS	REACTOME_METALLOPROTEASE_DUBS	24	0.5978237113514575	2.0627278696571234	3.922390145640984e-4	0.00296693613580536	0.002314968902870432	2535	tags=79%, list=30%, signal=56%	H2AC8/H2AC17/H2AC11/KAT2B/H2AC7/UBC/UBA52/H2AC20/H2AC12/H2AC14/H2AC13/H2AC6/H2AC4/H2AC16/H2AC21/RPS27A/BRCA1/UBB/BARD1
REACTOME_COPI_DEPENDENT_GOLGI_TO_ER_RETROGRADE_TRAFFIC	REACTOME_COPI_DEPENDENT_GOLGI_TO_ER_RETROGRADE_TRAFFIC	67	0.43242948990483365	1.917175672147523	4.202482778452806e-4	0.0031518620838396046	0.002459258432350616	2003	tags=51%, list=23%, signal=39%	KIF1C/TUBB4A/TUBA4A/KIF5A/KIF11/KIF21B/TUBA8/ARF3/KIF6/TUBB3/NAPB/KIF4A/KIFC1/KIFC2/TUBA1B/TUBB4B/KDELR1/TUBA1A/KIF18B/KIF2C/KIF20A/KIF1A/KIF26A/RACGAP1/KIF23/KIF3A/KIF22/KIF13B/COPG1/KIF15/CENPE/KLC2/KIF18A/KLC1
REACTOME_ION_CHANNEL_TRANSPORT	REACTOME_ION_CHANNEL_TRANSPORT	95	0.3824219386631202	1.8008760288426942	4.782232135279884e-4	0.00355653398296025	0.0027750059980040723	533	tags=18%, list=6%, signal=17%	ATP1B1/RYR2/CAMK2B/CAMK2G/TTYH1/FXYD1/ATP6V1G2/ATP1A1/ATP1B2/ATP1A2/ATP2B2/UNC80/ATP10B/CALM1/NALCN/ATP13A4/ASPH
REACTOME_TRANSPORT_OF_CONNEXONS_TO_THE_PLASMA_MEMBRANE	REACTOME_TRANSPORT_OF_CONNEXONS_TO_THE_PLASMA_MEMBRANE	13	0.702725740106696	2.0441667934679146	5.045180295254998e-4	0.003720820467750561	0.0029031914681467356	1328	tags=62%, list=15%, signal=52%	GJA1/TUBB4A/TUBA4A/TUBA8/TUBB3/TUBA1B/TUBB4B/TUBA1A
REACTOME_REGULATION_OF_INSULIN_LIKE_GROWTH_FACTOR_IGF_TRANSPORT_AND_UPTAKE_BY_INSULIN_LIKE_GROWTH_FACTOR_BINDING_PROTEINS_IGFBPS	REACTOME_REGULATION_OF_INSULIN_LIKE_GROWTH_FACTOR_IGF_TRANSPORT_AND_UPTAKE_BY_INSULIN_LIKE_GROWTH_FACTOR_BINDING_PROTEINS_IGFBPS	69	0.4272947759274099	1.8969333453148085	5.393112154207365e-4	0.003944548972292163	0.003077756914449788	2200	tags=51%, list=26%, signal=38%	C3/APOE/TF/SPARCL1/CST3/TNC/FN1/CP/C4A/SPP1/APLP2/FBN1/FSTL1/SCG3/F5/IGF2/MMP2/IGFBP2/P4HB/IGFBP5/CALU/PRKCSH/LTBP1/ITIH2/CHRDL1/PCSK9/MGAT4A/PDIA6/CSF1/KTN1/WFS1/CKAP4/IGFBP4/RCN1/LAMB1
REACTOME_GABA_B_RECEPTOR_ACTIVATION	REACTOME_GABA_B_RECEPTOR_ACTIVATION	27	0.5565860144547479	1.9904130492442567	0.00060509632474429185	0.00438942825736638	0.0034248765231428423	1357	tags=52%, list=16%, signal=44%	KCNJ10/ADCY2/GABBR1/GNG7/KCNJ9/KCNJ16/GABBR2/GNB3/KCNJ3/KCNJ12/ADCY8/KCNJ2/GNG4/GNG2
REACTOME_INTERACTION_BETWEEN_L1_AND_ANKYRINS	REACTOME_INTERACTION_BETWEEN_L1_AND_ANKYRINS	22	0.5941012136297947	1.9855969712199462	6.863546647191257e-4	0.00493840551444249	0.0038532191703529862	1682	tags=64%, list=20%, signal=51%	SPTB/SCN1B/SCN2B/SCN2A/ACTG1/SCN4B/NFASC/SPTBN1/SPTAN1/SCN1A/ANK2/ACTB/SPTBN5/ANK1
REACTOME_INTEGRIN_CELL_SURFACE_INTERACTIONS	REACTOME_INTEGRIN_CELL_SURFACE_INTERACTIONS	62	0.42680801246334954	1.8725165879317247	7.984634170520714e-4	0.005698710678153896	0.004446451626368072	2131	tags=47%, list=25%, signal=35%	COL4A2/COL3A1/TNC/COL6A3/COL4A1/COL1A1/COL1A2/FN1/HSPG2/CD44/SPP1/FBN1/VWF/COL5A1/CD47/LUM/COL18A1/ITGAV/ITGB1/THBS1/BSG/COL5A2/ITGB5/ITGB8/COL9A2/COL6A1/ITGAX/ITGA3/AGRN
REACTOME_RETROGRADE_TRANSPORT_AT_THE_TRANS_GOLGI_NETWORK	REACTOME_RETROGRADE_TRANSPORT_AT_THE_TRANS_GOLGI_NETWORK	25	-0.5581900874750931	-2.0529587404000256	9.013407569968884e-4	0.00638149255953797	0.004979196097599653	941	tags=36%, list=11%, signal=32%	RAB9A/PLIN3/STX6/RABEPK/COG2/NAA38/NAA35/STX16/RAB43
REACTOME_LGI_ADAM_INTERACTIONS	REACTOME_LGI_ADAM_INTERACTIONS	10	0.7289087942666912	1.9213775103786628	9.360560211602858e-4	0.006574679196244864	0.005129931076701316	814	tags=80%, list=9%, signal=72%	STX1B/LGI3/ADAM22/ADAM11/CACNG8/DLG4/LGI4/LGI1
REACTOME_INWARDLY_RECTIFYING_K_CHANNELS	REACTOME_INWARDLY_RECTIFYING_K_CHANNELS	20	0.6158048105674194	2.0057331309142987	9.840964736053386e-4	0.006857680150714368	0.00535074419133943	1357	tags=60%, list=16%, signal=51%	KCNJ10/GABBR1/GNG7/KCNJ9/KCNJ16/GABBR2/GNB3/KCNJ3/KCNJ12/KCNJ2/GNG4/GNG2
REACTOME_TRAFFICKING_OF_GLUR2_CONTAINING_AMPA_RECEPTORS	REACTOME_TRAFFICKING_OF_GLUR2_CONTAINING_AMPA_RECEPTORS	12	0.69078000163161	1.9624257627384127	0.0010850271020291912	0.007501945197623705	0.005853435681999584	865	tags=50%, list=10%, signal=45%	PRKCA/TSPAN7/GRIA1/GRIA3/PRKCG/GRIA4
REACTOME_DISEASES_ASSOCIATED_WITH_GLYCOSAMINOGLYCAN_METABOLISM	REACTOME_DISEASES_ASSOCIATED_WITH_GLYCOSAMINOGLYCAN_METABOLISM	26	0.5520642980172538	1.952209564266233	0.0011227910235519752	0.007702868649949597	0.0060102073557739355	996	tags=42%, list=12%, signal=38%	CHST6/BCAN/HSPG2/SDC4/NCAN/SDC3/BGN/DCN/LUM/GPC6/FMOD
REACTOME_UPTAKE_AND_ACTIONS_OF_BACTERIAL_TOXINS	REACTOME_UPTAKE_AND_ACTIONS_OF_BACTERIAL_TOXINS	21	0.5726586740732613	1.8913070846780453	0.001359164014436734	0.009252770405973151	0.007219527072635608	652	tags=33%, list=8%, signal=31%	STX1B/SNAP25/SYT2/EEF2/SYT1/CALM1/VAMP2
REACTOME_GAP_JUNCTION_ASSEMBLY	REACTOME_GAP_JUNCTION_ASSEMBLY	20	0.6037496883423322	1.966468484667383	0.0014214636730074156	0.009530267807663355	0.0074360460087150295	1620	tags=55%, list=19%, signal=45%	GJA1/TUBB4A/TUBA4A/GJB6/TUBA8/TUBB3/GJB1/TUBA1B/TUBB4B/TUBA1A/GJC1
REACTOME_CLATHRIN_MEDIATED_ENDOCYTOSIS	REACTOME_CLATHRIN_MEDIATED_ENDOCYTOSIS	84	0.37687272714280917	1.7456837666607103	0.0014136070063344446	0.009530267807663355	0.0074360460087150295	1200	tags=29%, list=14%, signal=25%	SYT11/PACSIN1/DNM1/DNM3/SYT2/TF/ACTG1/SYT1/STON1/SYT9/REPS2/AAK1/VAMP2/SNAP91/KIAA0319/SYNJ2/SCARB2/AMPH/EPS15/UBC/BIN1/SH3GL2/UBA52/FNBP1L
REACTOME_DNA_DOUBLE_STRAND_BREAK_REPAIR	REACTOME_DNA_DOUBLE_STRAND_BREAK_REPAIR	122	0.34058537670970473	1.6727893756419137	0.0014763437756952437	0.00982379128940068	0.007665069385485397	1953	tags=43%, list=23%, signal=34%	KPNA2/H4C11/H2BC4/PRKDC/H4C3/XRCC5/H2AX/H4C12/TIMELESS/H2BC7/NSD2/H2BC8/H2BC5/UBC/H4C5/UBA52/H2BC15/APBB1/H2BC17/H2BC10/PCNA/H2BC11/H2BC12/H4C1/H4C4/H2BC13/H4C15/H2BC14/CHEK1/H2BC6/LIG3/H4C2/H2BC9/BRCA2/H4C14/H4C9/H2BC3/H4C8/SUMO2/BRIP1/XRCC6/POLD1/CCNA2/ABL1/TP53/H4C13/CDK2/EYA1/PARP1/KDM4B/RPS27A/H4C6/TOPBP1
REACTOME_INTEGRATION_OF_ENERGY_METABOLISM	REACTOME_INTEGRATION_OF_ENERGY_METABOLISM	60	0.4214977019692293	1.8281149385792155	0.0017653371458549794	0.011659129657325797	0.009097102652638385	1357	tags=35%, list=16%, signal=30%	AHCYL1/PRKCA/SNAP25/ADCY2/GNG7/ITPR1/STXBP1/RAPGEF4/GNB3/ITPR2/VAMP2/PPP2CB/CHRM3/PRKAR1B/MLXIPL/ADCY8/MARCKS/CACNA1D/GNG4/ACLY/GNG2
REACTOME_TRANSCRIPTIONAL_REGULATION_BY_MECP2	REACTOME_TRANSCRIPTIONAL_REGULATION_BY_MECP2	42	0.4596699946949692	1.852195633326741	0.0018594243667335885	0.012189559737475746	0.009510973758886817	2182	tags=48%, list=25%, signal=36%	MOBP/CAMK2B/CAMK2G/CAMK4/CALM1/PVALB/HIPK2/GAD2/CAMK2A/HDAC2/SLC2A3/GPRIN1/LBR/GRIN2B/SST/PTPN4/AGO2/NCOR2/AURKB/FKBP5
REACTOME_NCAM_SIGNALING_FOR_NEURITE_OUT_GROWTH	REACTOME_NCAM_SIGNALING_FOR_NEURITE_OUT_GROWTH	47	0.4409695954670273	1.8211049385586158	0.0019613387955263453	0.01276312377971188	0.0099585003859542	1913	tags=43%, list=22%, signal=33%	CACNB4/SPTB/COL4A2/COL3A1/COL6A3/COL4A1/NCAN/SPTBN1/PRNP/SPTAN1/COL5A1/MAPK1/PTPRA/CACNA1D/SPTBN5/COL5A2/CACNA1G/CNTN2/COL9A2/COL6A1
REACTOME_CROSSLINKING_OF_COLLAGEN_FIBRILS	REACTOME_CROSSLINKING_OF_COLLAGEN_FIBRILS	14	0.6345152438132343	1.8747912757244645	0.0020908504143000006	0.013408714613445656	0.010462226329373001	277	tags=29%, list=3%, signal=28%	COL4A2/COL4A1/COL1A1/COL1A2
REACTOME_RHO_GTPASES_ACTIVATE_IQGAPS	REACTOME_RHO_GTPASES_ACTIVATE_IQGAPS	21	0.5593464810336433	1.8473412003767617	0.0020869998610508296	0.013408714613445656	0.010462226329373001	1404	tags=48%, list=16%, signal=40%	TUBB4A/TUBA4A/ACTG1/CALM1/TUBA8/TUBB3/TUBA1B/TUBB4B/TUBA1A/ACTB
REACTOME_ROLE_OF_PHOSPHOLIPIDS_IN_PHAGOCYTOSIS	REACTOME_ROLE_OF_PHOSPHOLIPIDS_IN_PHAGOCYTOSIS	17	0.6034424023247975	1.8669576002497348	0.0021341636997186447	0.013588020678064753	0.010602130912649988	895	tags=41%, list=10%, signal=37%	AHCYL1/ITPR1/PRKCE/ITPR2/PLD4/FCGR1A/FCGR3A
REACTOME_SYNAPTIC_ADHESION_LIKE_MOLECULES	REACTOME_SYNAPTIC_ADHESION_LIKE_MOLECULES	16	0.6226138315260072	1.8911852239358997	0.0022467292629684264	0.014202538555193267	0.011081612003814193	1308	tags=50%, list=15%, signal=42%	GRIA1/GRIN1/PTPRS/GRIN2C/DLG4/GRIA3/GRIA4/DLG1
REACTOME_CELL_SURFACE_INTERACTIONS_AT_THE_VASCULAR_WALL	REACTOME_CELL_SURFACE_INTERACTIONS_AT_THE_VASCULAR_WALL	72	0.38557853325196756	1.723306452716188	0.002398438593328546	0.015054029468764277	0.011745992663109566	1495	tags=33%, list=17%, signal=28%	ATP1B1/MAG/TSPAN7/ATP1B2/SIRPA/COL1A1/COL1A2/FN1/SDC4/OLR1/CD44/CD74/SDC3/SELL/CD47/ANGPT1/LYN/SELPLG/SLC7A11/ITGAV/ITGB1/PPIA/CXADR/BSG
REACTOME_HOMOLOGY_DIRECTED_REPAIR	REACTOME_HOMOLOGY_DIRECTED_REPAIR	100	0.35284091243784216	1.6738557944393515	0.002431519984077538	0.01515419145006071	0.011824144622348888	2543	tags=55%, list=30%, signal=39%	H4C11/H2BC4/H4C3/H2AX/H4C12/TIMELESS/H2BC7/NSD2/H2BC8/H2BC5/UBC/H4C5/UBA52/H2BC15/H2BC17/H2BC10/PCNA/H2BC11/H2BC12/H4C1/H4C4/H2BC13/H4C15/H2BC14/CHEK1/H2BC6/LIG3/H4C2/H2BC9/BRCA2/H4C14/H4C9/H2BC3/H4C8/SUMO2/BRIP1/POLD1/CCNA2/ABL1/H4C13/CDK2/PARP1/RPS27A/H4C6/TOPBP1/FEN1/CLSPN/BRCA1/EXO1/POLQ/UBB/RMI2/RAD51AP1/BARD1/POLE
REACTOME_INTERLEUKIN_7_SIGNALING	REACTOME_INTERLEUKIN_7_SIGNALING	21	0.5537677182155402	1.8289163443162266	0.002596014102522732	0.015988986287061822	0.012475498072331318	1571	tags=57%, list=18%, signal=47%	H3C7/SMARCA4/H3C15/H3C4/H3C11/H3C10/H3C6/H3C8/H3C14/H3C13/H3C12/H3C1
REACTOME_GOLGI_TO_ER_RETROGRADE_TRANSPORT	REACTOME_GOLGI_TO_ER_RETROGRADE_TRANSPORT	87	0.36756399330821427	1.7130440998590244	0.0026015977687422628	0.015988986287061822	0.012475498072331318	2003	tags=44%, list=23%, signal=34%	KIF1C/TUBB4A/TUBA4A/DCTN1/KIF5A/KIF11/KIF21B/TUBA8/AGPAT3/ARF3/KIF6/TUBB3/NAPB/KIF4A/KIFC1/KIFC2/TUBA1B/TUBB4B/KDELR1/TUBA1A/KIF18B/KIF2C/KIF20A/KIF1A/KIF26A/BICD1/RACGAP1/KIF23/KIF3A/KIF22/KIF13B/DYNC1I1/COPG1/KIF15/CENPE/KLC2/KIF18A/KLC1
REACTOME_SENSORY_PROCESSING_OF_SOUND	REACTOME_SENSORY_PROCESSING_OF_SOUND	44	0.4444784394923312	1.8128655178259043	0.0026347386962588403	0.016080991353028096	0.01254728555169364	1514	tags=43%, list=18%, signal=36%	SNAP25/ATP2B2/ACTG1/EPB41L1/RAB3A/SPTBN1/TPRN/SPTAN1/VAMP2/EPS8L2/CABP1/USH1C/SYN1/KCNN2/PCLO/CACNA1D/CDH23/ACTB/MYO7A
REACTOME_G2_M_CHECKPOINTS	REACTOME_G2_M_CHECKPOINTS	123	0.3302270464013536	1.6278870560507934	0.00281607647464614	0.017070052603163244	0.01331900625355348	2232	tags=48%, list=26%, signal=36%	H4C11/H2BC4/H4C3/MCM2/CCNB2/H2AX/H4C12/H2BC7/NSD2/H2BC8/MCM6/MCM7/H2BC5/UBC/H4C5/UBA52/MCM3/CDK1/H2BC15/CCNB1/H2BC17/H2BC10/H2BC11/H2BC12/H4C1/H4C4/H2BC13/H4C15/MCM4/H2BC14/CHEK1/H2BC6/H4C2/H2BC9/H4C14/H4C9/H2BC3/H4C8/WEE1/BRIP1/YWHAH/TP53/H4C13/CDK2/CDC6/RPS27A/GTSE1/MCM10/H4C6/TOPBP1/PSMB5/CDC25A/CLSPN/PSME4/YWHAZ/BRCA1/PKMYT1/EXO1/YWHAQ
REACTOME_RAF_ACTIVATION	REACTOME_RAF_ACTIVATION	21	0.5480249285001463	1.8099497602648844	0.0030710954092579425	0.018489247872063123	0.014426341485665666	963	tags=29%, list=11%, signal=25%	CAMK2B/CAMK2G/CALM1/CAMK2A/PPP2CB/PPP2R5A
REACTOME_FCERI_MEDIATED_CA_2_MOBILIZATION	REACTOME_FCERI_MEDIATED_CA_2_MOBILIZATION	21	0.5468119662018005	1.8059437366208329	0.0032068330810531317	0.0191759951130542	0.014962179951428551	835	tags=29%, list=10%, signal=26%	AHCYL1/ITPR1/CALM1/ITPR2/PPP3CA/LYN
REACTOME_MITOTIC_SPINDLE_CHECKPOINT	REACTOME_MITOTIC_SPINDLE_CHECKPOINT	79	0.36929696003250795	1.6800317440238515	0.003303499726738676	0.019621458108481395	0.015309755003465713	2739	tags=57%, list=32%, signal=39%	CENPF/BIRC5/UBE2C/RPS27/PPP2CB/PPP2R5A/CDC20/RCC2/MAD2L1/KNL1/UBE2S/PLK1/KNTC1/MAPRE1/KIF2C/BUB1/CENPN/CENPA/BUB1B/CDCA8/SPC24/INCENP/CENPU/DYNC1I1/CENPE/KIF18A/CENPI/AURKB/NUF2/SGO1/NDC80/ZWILCH/ZWINT/BUB3/SGO2/TAOK1/SPC25/CENPO/XPO1/ERCC6L/NUP160/CENPH/CLIP1/CENPK/CKAP5
REACTOME_SYNTHESIS_OF_IP3_AND_IP4_IN_THE_CYTOSOL	REACTOME_SYNTHESIS_OF_IP3_AND_IP4_IN_THE_CYTOSOL	20	0.5780901190434582	1.8828928980779884	0.003839452412059905	0.022627304863600522	0.01765508413978227	884	tags=35%, list=10%, signal=31%	INPP5J/PLCD3/ITPKB/CALM1/ITPK1/PLD4/PLCB4
REACTOME_SENSORY_PERCEPTION_OF_TASTE	REACTOME_SENSORY_PERCEPTION_OF_TASTE	14	0.6123052640779827	1.8091678306651633	0.003860703993676473	0.022627304863600522	0.01765508413978227	524	tags=43%, list=6%, signal=40%	GRM4/SCN1B/SCN2B/SCN2A/SCN4B/GNB3
REACTOME_CONDENSATION_OF_PROMETAPHASE_CHROMOSOMES	REACTOME_CONDENSATION_OF_PROMETAPHASE_CHROMOSOMES	10	0.6788772497251703	1.7894961484748098	0.003993323596512687	0.023098636489632212	0.01802284333892207	2390	tags=90%, list=28%, signal=65%	NCAPD2/CCNB2/SMC4/CDK1/CCNB1/NCAPH/NCAPG/CSNK2A1/SMC2
REACTOME_INITIAL_TRIGGERING_OF_COMPLEMENT	REACTOME_INITIAL_TRIGGERING_OF_COMPLEMENT	10	0.6786145931860893	1.7888037952323828	0.003993323596512687	0.023098636489632212	0.01802284333892207	432	tags=40%, list=5%, signal=38%	C3/C4B/MASP1/C4A
REACTOME_POST_CHAPERONIN_TUBULIN_FOLDING_PATHWAY	REACTOME_POST_CHAPERONIN_TUBULIN_FOLDING_PATHWAY	14	0.6107591892090531	1.8045996698461	0.004065691910215357	0.023364528185328512	0.01823030685646804	1328	tags=50%, list=15%, signal=42%	TUBB4A/TUBA4A/TUBA8/TUBB3/TUBA1B/TUBB4B/TUBA1A
REACTOME_A_TETRASACCHARIDE_LINKER_SEQUENCE_IS_REQUIRED_FOR_GAG_SYNTHESIS	REACTOME_A_TETRASACCHARIDE_LINKER_SEQUENCE_IS_REQUIRED_FOR_GAG_SYNTHESIS	19	0.5847292653915162	1.8688826009449147	0.004103547514593525	0.02342993258332432	0.0182813390123827	983	tags=47%, list=11%, signal=42%	BCAN/HSPG2/B3GAT2/SDC4/NCAN/SDC3/BGN/DCN/GPC6
REACTOME_DEGRADATION_OF_THE_EXTRACELLULAR_MATRIX	REACTOME_DEGRADATION_OF_THE_EXTRACELLULAR_MATRIX	83	0.3468353937700017	1.6005498948721122	0.004163144960908162	0.02358832977713516	0.018404929329528	1301	tags=29%, list=15%, signal=25%	COL4A2/COL3A1/BCAN/COL6A3/COL4A1/COL1A1/COL1A2/FN1/HSPG2/SPOCK3/CAPN3/CD44/SPP1/DCN/FBN1/HTRA1/COL5A1/ADAMTS16/LAMC2/NID1/MMP2/ELN/COL18A1/COL12A1
REACTOME_CHROMOSOME_MAINTENANCE	REACTOME_CHROMOSOME_MAINTENANCE	110	0.33056562968500214	1.5958372799243596	0.0041845963559437515	0.02358832977713516	0.018404929329528	1791	tags=43%, list=21%, signal=34%	RBBP4/H4C11/H2AC8/H2BC4/H4C3/NPM1/H2AX/H4C12/H3-3A/H2BC7/H2BC8/H2BC5/H2AC7/H4C5/H2AZ1/H2BC15/H2AC20/H2BC17/H2AC14/H2BC10/PCNA/H2BC11/HJURP/H2BC12/H4C1/H4C4/KNL1/H2BC13/H4C15/H2BC14/H2BC6/LIG1/H4C2/H2BC9/H2AC6/H4C14/H4C9/H2BC3/H4C8/H2AC4/CENPN/CENPA/POLD1/CCNA2/H4C13/CENPU/CDK2
REACTOME_IMMUNOREGULATORY_INTERACTIONS_BETWEEN_A_LYMPHOID_AND_A_NON_LYMPHOID_CELL	REACTOME_IMMUNOREGULATORY_INTERACTIONS_BETWEEN_A_LYMPHOID_AND_A_NON_LYMPHOID_CELL	40	0.43294879456058677	1.7295196780160482	0.00433955687871224	0.024307011630761596	0.018965684959595133	1546	tags=42%, list=18%, signal=35%	CRTAM/C3/COL3A1/CD81/COL1A1/COL1A2/B2M/HLA-E/SELL/TREM2/FCGR1A/FCGR3A/HLA-B/PIANP/ITGB1/CXADR/SIGLEC8
REACTOME_DEFECTIVE_B4GALT7_CAUSES_EDS_PROGEROID_TYPE	REACTOME_DEFECTIVE_B4GALT7_CAUSES_EDS_PROGEROID_TYPE	16	0.5945488027091994	1.8059378922510347	0.004445639228809807	0.02474459570752629	0.019307112440246497	983	tags=50%, list=11%, signal=44%	BCAN/HSPG2/SDC4/NCAN/SDC3/BGN/DCN/GPC6
REACTOME_CYCLIN_A_B1_B2_ASSOCIATED_EVENTS_DURING_G2_M_TRANSITION	REACTOME_CYCLIN_A_B1_B2_ASSOCIATED_EVENTS_DURING_G2_M_TRANSITION	16	0.5938369079226491	1.8037755167412888	0.004515647859866642	0.024977177224887362	0.019488585500477086	2607	tags=81%, list=30%, signal=57%	FOXM1/PPP2CB/CCNB2/CDK1/CCNB1/PLK1/WEE1/CCNA2/CDK2/CDC25A/PKMYT1/XPO1/CDC25C
REACTOME_ACTIVATION_OF_AMPK_DOWNSTREAM_OF_NMDARS	REACTOME_ACTIVATION_OF_AMPK_DOWNSTREAM_OF_NMDARS	16	0.5920967781439559	1.7984898845266468	0.004655665186226192	0.025591699936709195	0.019968070363938425	1328	tags=56%, list=15%, signal=48%	CAMKK2/TUBB4A/TUBA4A/CALM1/TUBA8/TUBB3/TUBA1B/TUBB4B/TUBA1A
REACTOME_FORMATION_OF_TUBULIN_FOLDING_INTERMEDIATES_BY_CCT_TRIC	REACTOME_FORMATION_OF_TUBULIN_FOLDING_INTERMEDIATES_BY_CCT_TRIC	19	0.5785280251167677	1.8490625051506735	0.004724238531034316	0.025808340123243022	0.020137105109541985	2957	tags=89%, list=35%, signal=59%	TUBB4A/TUBA4A/TUBA8/TUBB3/TUBA1B/TUBB4B/TUBA1A/CCT5/TCP1/CCT8/CCT7/CCT2/CCT4/CCT3/TUBA1C/TUBB2B/CCT6A
REACTOME_REGULATION_OF_INSULIN_SECRETION	REACTOME_REGULATION_OF_INSULIN_SECRETION	46	0.42879646267217314	1.760256864104144	0.0050956713596433485	0.027666681921989962	0.021587086935266626	1357	tags=37%, list=16%, signal=31%	AHCYL1/PRKCA/SNAP25/GNG7/ITPR1/STXBP1/RAPGEF4/GNB3/ITPR2/VAMP2/CHRM3/PRKAR1B/ADCY8/MARCKS/CACNA1D/GNG4/GNG2
REACTOME_MHC_CLASS_II_ANTIGEN_PRESENTATION	REACTOME_MHC_CLASS_II_ANTIGEN_PRESENTATION	76	0.36520679549304697	1.6488925968232744	0.005198519772406792	0.028052987796219578	0.021888504304870705	2152	tags=45%, list=25%, signal=34%	TUBB4A/DNM1/DNM3/TUBA4A/DCTN1/KIF5A/CD74/KIF11/CTSH/TUBA8/TUBB3/KIF4A/TUBA1B/SH3GL2/TUBB4B/HLA-DPB1/TUBA1A/KIF2C/KIF20A/KIF26A/RACGAP1/KIF23/KIF3A/KIF22/DYNC1I1/KIF15/HLA-DRA/CENPE/KLC2/KIF18A/KLC1/CTSB/CTSF/DCTN5
REACTOME_POTENTIAL_THERAPEUTICS_FOR_SARS	REACTOME_POTENTIAL_THERAPEUTICS_FOR_SARS	49	0.4133990767944634	1.734505204506617	0.005584666024212848	0.02995411776623255	0.023371871846147554	414	tags=18%, list=5%, signal=18%	ATP1B1/TUBB/FXYD1/ATP1A1/ATP1B2/ATP1A2/S1PR1/NR3C1/RBBP4
REACTOME_HIV_TRANSCRIPTION_INITIATION	REACTOME_HIV_TRANSCRIPTION_INITIATION	17	-0.5669548641542667	-1.860193070894468	0.0066443119039383165	0.03542298816256271	0.02763898927700403	2811	tags=76%, list=33%, signal=51%	POLR2G/POLR2C/TAF11/GTF2E1/TAF6/TAF2/POLR2A/POLR2E/TAF1/POLR2H/GTF2A2/TAF13/POLR2L
REACTOME_SIGNALING_BY_VEGF	REACTOME_SIGNALING_BY_VEGF	62	0.38251067102588604	1.6781727513102214	0.0068823991597188085	0.03647259434940806	0.0284579505122946	324	tags=11%, list=4%, signal=11%	PRKCZ/AHCYL1/PTK2B/PRKCA/ITPR1/ACTG1/CALM1
REACTOME_ASSEMBLY_OF_COLLAGEN_FIBRILS_AND_OTHER_MULTIMERIC_STRUCTURES	REACTOME_ASSEMBLY_OF_COLLAGEN_FIBRILS_AND_OTHER_MULTIMERIC_STRUCTURES	43	0.4105479024089163	1.6577364559882286	0.00707958485094786	0.037294241625528905	0.029099045502642834	2220	tags=44%, list=26%, signal=33%	ITGB4/COL4A2/COL3A1/COL6A3/COL4A1/COL1A1/COL1A2/COL5A1/LAMC2/COL18A1/COL12A1/COL5A2/COL9A2/COL6A1/PCOLCE/CTSB/PXDN/COL11A1/LOXL1
REACTOME_RHO_GTPASES_ACTIVATE_NADPH_OXIDASES	REACTOME_RHO_GTPASES_ACTIVATE_NADPH_OXIDASES	10	0.65348599095214	1.722565698533146	0.007315832694586596	0.038310721507154664	0.029892159748668993	801	tags=30%, list=9%, signal=27%	PRKCZ/PRKCA/MAPK1
REACTOME_PKA_MEDIATED_PHOSPHORYLATION_OF_CREB	REACTOME_PKA_MEDIATED_PHOSPHORYLATION_OF_CREB	12	0.6206016638463547	1.7630572550649828	0.00798997925795149	0.041594892019335694	0.03245465258957385	1056	tags=42%, list=12%, signal=37%	ADCY2/CALM1/PRKAR1B/ADCY8/PRKX
REACTOME_CARGO_RECOGNITION_FOR_CLATHRIN_MEDIATED_ENDOCYTOSIS	REACTOME_CARGO_RECOGNITION_FOR_CLATHRIN_MEDIATED_ENDOCYTOSIS	56	0.38412346014522025	1.6563092392305616	0.008410520969561385	0.043528134842466815	0.033963076368311904	1165	tags=29%, list=14%, signal=25%	SYT11/SYT2/TF/SYT1/STON1/SYT9/REPS2/AAK1/VAMP2/SNAP91/KIAA0319/SCARB2/EPS15/UBC/SH3GL2/UBA52
REACTOME_DARPP_32_EVENTS	REACTOME_DARPP_32_EVENTS	16	0.5668462924435471	1.7217917081678342	0.008794476207202855	0.04525064792659608	0.035307077061964946	1074	tags=38%, list=13%, signal=33%	PPP1R1B/CALM1/PPP3CA/PPP2CB/PRKAR1B/PDE4A
REACTOME_UNWINDING_OF_DNA	REACTOME_UNWINDING_OF_DNA	12	0.614498749177393	1.7457195832362147	0.008946023117484892	0.04576433791314526	0.03570788661436014	2772	tags=92%, list=32%, signal=62%	MCM2/MCM6/MCM7/MCM3/MCM4/GINS2/GINS1/MCM8/GINS4/MCM5/CDC45
REACTOME_TRNA_MODIFICATION_IN_THE_NUCLEUS_AND_CYTOSOL	REACTOME_TRNA_MODIFICATION_IN_THE_NUCLEUS_AND_CYTOSOL	22	-0.5000219477709488	-1.7735526187964723	0.009165104849721887	0.04661561949427512	0.03637210394082008	3760	tags=91%, list=44%, signal=51%	LCMT2/QTRT2/TP53RK/CDKAL1/TRMT5/THADA/METTL1/EPRS1/PUS3/ADAT1/TRMT1/ADAT3/CTU1/PUS7/THG1L/FTSJ1/WDR4/CTU2/TRMT11/PUS1
REACTOME_INOSITOL_PHOSPHATE_METABOLISM	REACTOME_INOSITOL_PHOSPHATE_METABOLISM	34	0.4501187576423909	1.720262387970489	0.00927070451542988	0.04688327712088825	0.03658094533607219	884	tags=26%, list=10%, signal=24%	INPP5J/PLCD3/ITPKB/CALM1/PPIP5K1/INPP5A/ITPK1/PLD4/PLCB4
REACTOME_EGR2_AND_SOX10_MEDIATED_INITIATION_OF_SCHWANN_CELL_MYELINATION	REACTOME_EGR2_AND_SOX10_MEDIATED_INITIATION_OF_SCHWANN_CELL_MYELINATION	20	0.5459642180993264	1.7782558722243855	0.009628912852272648	0.04841811292193917	0.037778509755328094	1291	tags=40%, list=15%, signal=34%	MAG/SCD5/MBP/SMARCA4/GJB1/ADGRV1/HDAC2/TEAD1
REACTOME_TELOMERE_MAINTENANCE	REACTOME_TELOMERE_MAINTENANCE	89	0.33669590636648666	1.566292080030638	0.009801459561567747	0.04900729780783874	0.03823822463507845	1791	tags=45%, list=21%, signal=36%	H4C11/H2AC8/H2BC4/H4C3/H2AX/H4C12/H3-3A/H2BC7/H2BC8/H2BC5/H2AC7/H4C5/H2AZ1/H2BC15/H2AC20/H2BC17/H2AC14/H2BC10/PCNA/H2BC11/H2BC12/H4C1/H4C4/H2BC13/H4C15/H2BC14/H2BC6/LIG1/H4C2/H2BC9/H2AC6/H4C14/H4C9/H2BC3/H4C8/H2AC4/POLD1/CCNA2/H4C13/CDK2
